Dato;Åbning;Høj;Lav;Luk;Omsætning
2011-05-23;84,3;84,3;82,2;82,75;1377995
2011-05-20;85,85;85,95;84,7;85,25;1515806
2011-05-19;84,65;87,15;84,5;85;2217551
2011-05-18;82,75;83,75;82,5;83,15;1435179
2011-05-17;83,45;84,05;82,4;82,5;1493695
2011-05-16;83,05;84,4;81,85;83,85;1626480
2011-05-12;83,4;84,4;82,1;84,05;1694376
2011-05-11;86,8;86,95;84,9;85,35;956442
2011-05-10;85,75;86,65;85,5;86,3;1195185
2011-05-09;85,1;86,75;84,35;85,55;1423046
2011-05-06;83,5;85,65;79,15;85,55;3984524
2011-05-05;87;89,25;84,35;84,35;2185449
2011-05-04;92,3;93;86,65;86,75;2173978
2011-05-03;92,75;92,75;89,05;89,25;1516100
2011-05-02;92,1;92,95;91,9;92,85;737743
2011-04-29;91,7;91,85;90,8;91,85;546776
2011-04-28;91,7;91,85;90,5;91,55;907474
2011-04-27;92,4;93,2;90,85;91;1212663
2011-04-26;92,2;93,25;89,9;92,6;1226551
2011-04-25;92,4;92,4;92,4;92,4;I/T
2011-04-22;92,4;92,4;92,4;92,4;I/T
2011-04-21;93;93,2;91,15;92,4;655694
2011-04-20;88,15;91,8;88,15;91,4;1281999
2011-04-19;85,5;87,95;85,4;87,7;1263377
2011-04-18;86,55;87,8;85;85,5;1356213
2011-04-15;88,25;88,7;86,2;87;1333993
2011-04-14;89,65;90,35;87,75;88,3;1246575
2011-04-13;88,5;89,95;88,4;89,35;1021656
2011-04-12;93;93,1;88,25;88,3;2325598
2011-04-11;94,4;94,4;93;93;1031776
2011-04-08;94,55;94,95;93,3;94;1208844
2011-04-07;97;97,1;93,05;93,5;2283491
2011-04-06;95;98,5;94,8;96,7;2581980
2011-04-05;95,9;96,15;95;95,6;1012381
2011-04-04;94,3;96,7;94,25;95,9;1851245
2011-04-01;91,15;93,8;91,15;93,75;1909526
2011-03-31;88,75;91,55;88,5;90,55;1388074
2011-03-30;89,35;89,7;88,1;88,5;820842
2011-03-29;89,1;89,2;87,65;88,7;1038249
2011-03-28;90,05;90,05;88,25;89,15;962441
2011-03-24;85,65;88;85,65;88;1513564
2011-03-23;83,2;86,4;83,2;85,5;1213528
2011-03-22;84,4;84,6;83,15;83,85;1090364
2011-03-21;83,9;84,2;83,55;84,1;1170347
2011-03-18;81,45;82,9;81,45;81,95;2067175
2011-03-17;76,9;80,35;76,65;80,35;1571704
2011-03-16;79,05;80,3;77,05;77,05;1961359
2011-03-14;80,1;82,7;80,05;81,15;1220503
2011-03-10;85,1;85,75;82,35;82,85;1948976
2011-03-09;82,8;86,8;82,75;84,9;2367539
2011-03-08;81;84,75;81;83,1;2574136
2011-03-07;79,4;80,5;78,6;79,6;787959
2011-03-02;77,95;78,35;75,85;75,85;2140024
2011-03-01;79,35;79,85;78,25;78,25;661769
2011-02-28;78,95;79,9;77,65;78,8;996045
2011-02-25;77,75;79;76,95;78,9;1124729
2011-02-24;74,15;78,85;73,8;77,6;2672203
2011-02-23;75,95;76,25;72,7;74,8;2231424
2011-02-22;76,35;76,8;74,45;76,1;1502183
2011-02-21;75,8;78,5;75,4;76,1;1762030
2011-02-18;74,2;76,75;74;75,8;1789207
2011-02-17;75,7;76,65;73,65;74;1655093
2011-02-16;77,45;77,7;75,95;76,65;1304078
2011-02-15;80,05;80,45;76,85;77,5;1135228
2011-02-11;77,95;78,5;76,4;78,4;1096390
2011-02-10;79,5;80;77,9;78;1121100
2011-02-09;77,7;79,7;77;79,25;1548001
2011-02-08;80,25;80,5;77,85;77,95;2039482
2011-02-07;80,3;81,1;79,5;80,5;1174084
2011-02-04;81;81,9;80,25;80,45;1186630
2011-02-03;80,9;82,25;80,05;81;1312827
2011-02-02;83,95;84;81,05;81,5;1733997
2011-02-01;81,25;83,55;81,25;83,55;1635577
2011-01-31;79,1;80,95;79;80,4;1282491
2011-01-28;79,55;80,35;78,9;79,2;676281
2011-01-27;79;81,45;79;79,7;1479885
2011-01-26;76,2;79,25;76,1;79;1469782
2011-01-25;76,3;76,95;74,5;76;2205979
2011-01-24;77,75;78;75,6;76,2;1065787
2011-01-21;76;78,2;75,7;77,8;1434555
2011-01-20;79,6;79,7;75,3;75,3;2564372
2011-01-19;82,25;82,7;79,6;79,6;1090750
2011-01-18;81,55;82,6;80,2;82,25;1286715
2011-01-14;83,8;84,1;83,1;83,8;1003948
2011-01-13;84,2;84,2;83,25;84,05;1413853
2011-01-12;84,5;85,7;84,1;84,2;1286061
2011-01-11;84,2;84,7;83,8;84,35;1640344
2011-01-10;84,3;84,9;83,5;83,7;1460019
2011-01-05;85,2;85,25;83,9;84,05;796936
2011-01-04;86;86,65;84,05;85,7;2344706
2011-01-03;83,9;86,6;83,9;86,6;1039616
2010-12-30;84;84,3;83,55;83,65;743808
2010-12-29;84;84,25;83,5;83,9;636947
2010-12-28;84,5;85;83,3;83,65;1068600
2010-12-27;82,15;84,35;82,15;84,3;742210
2010-12-23;82,5;82,9;81,9;82,8;794585
2010-12-22;81;83,15;81;82,4;1299974
2010-12-21;78,3;82;78,2;81,95;1996668
2010-12-17;76,95;78,25;76,6;78,25;1409344
2010-12-15;77;77,35;76,3;77,35;893693
2010-12-14;75,9;77,45;75,45;77;1322623
2010-12-13;76;76,5;75,65;75,95;1273063
2010-12-10;74,95;76,4;73,9;76,05;1468475
2010-12-09;77,1;77,4;74,3;74,4;2490472
2010-12-08;79;79;75,95;76,25;2642063
2010-12-07;77,4;80,5;77,2;79,75;2627044
2010-12-06;74,5;77,05;74,5;77;1765436
2010-12-03;74,65;74,95;73,7;74,45;1011471
2010-12-02;73,4;75,1;72,45;74,45;2029292
2010-12-01;69,95;73,3;69,65;72,45;3126047
2010-11-30;68,05;69,2;67,35;69,05;1369460
2010-11-29;69;69,3;67,75;67,95;1613692
2010-11-26;68,8;69,35;67,45;68,55;2358230
2010-11-25;67,05;68,95;66,6;68,95;1487141
2010-11-24;66,55;67,3;65,55;66,95;1904010
2010-11-23;67,55;67,75;66,3;66,55;1295561
2010-11-22;68,25;69,15;67,65;67,9;1638900
2010-11-19;67,7;67,7;66,65;67,4;845267
2010-11-17;66,6;67,3;65,1;66,7;1023510
2010-11-16;67,5;67,9;66,65;66,9;1654695
2010-11-15;67,6;68,1;67;68,05;935083
2010-11-11;68,3;69,35;68,05;69,35;1330235
2010-11-10;68,35;68,4;67,1;67,65;1014784
2010-11-09;68,1;68,75;67,7;68,35;1277459
2010-11-08;69,5;69,5;67,25;68,05;2806567
2010-11-05;71;71,9;69,85;70,35;1343434
2010-11-04;68,5;70,8;68,5;70,6;2747143
2010-11-03;64;68,5;64;67,95;3795153
2010-11-02;62,35;63;61,65;63;1636554
2010-10-29;61;63,35;60,55;63,2;2234166
2010-10-28;63,1;63,95;60,9;61,1;2489264
2010-10-27;64,25;64,75;62,95;63,15;1772118
2010-10-26;63,6;65,9;63,25;64,25;2949255
2010-10-25;62,2;64;61,7;63,7;1717488
2010-10-22;61;62,45;60,6;61,8;989273
2010-10-21;60,6;61,5;60,45;61,2;868245
2010-10-20;59,6;60,75;59,55;60,45;950373
2010-10-19;61,55;61,95;59,65;59,9;1767793
2010-10-18;61,8;62,7;61,1;61,5;1152105
2010-10-15;60,85;62,3;60,5;61,8;1920641
2010-10-14;62,25;62,65;60,25;60,5;1821098
2010-10-13;61;63,3;60,75;62,2;1580140
2010-10-11;60,5;61,7;60,3;61,35;1121338
2010-10-08;60,5;60,5;59,2;60,45;1546082
2010-10-07;59,65;60,45;59,1;60,35;1571152
2010-10-06;59,65;60,45;59,05;59,25;2312593
2010-10-05;57,35;59;57;58,85;1396768
2010-10-04;58,4;58,4;57,15;57,35;1081944
2010-10-01;57,3;58,15;57,15;57,85;1898581
2010-09-30;56,4;57,2;56,2;56,75;2006291
2010-09-29;55,6;56,7;55,2;56,5;1723581
2010-09-28;55,1;56,2;54,25;55,45;1766676
2010-09-27;56;56,4;55,25;55,5;1115029
2010-09-24;54,1;55,9;53,85;55,85;1432428
2010-09-23;55,85;56,2;53,5;54,05;2428118
2010-09-22;55,4;56,4;53,85;55,6;2794368
2010-09-21;55,9;56,45;55,3;55,4;1865770
2010-09-20;55,85;58,4;54,35;55,55;6077749
2010-09-17;52;55,95;52;55,55;12318802
2010-09-16;46,49;47,3;46,28;47,22;1120173
2010-09-15;46,8;46,95;46,36;46,49;878604
2010-09-14;46,6;46,88;46,37;46,79;1025089
2010-09-13;46,7;46,94;46,39;46,55;1301011
2010-09-10;45,59;46,1;45,5;45,98;1146511
2010-09-09;45,5;45,71;44,88;45,6;1539730
2010-09-08;44,4;45,39;44,25;44,96;1515441
2010-09-07;45,46;45,61;44,61;44,66;1854432
2010-09-06;44,01;45,64;44,01;45,56;2238638
2010-09-03;43,73;44,55;43,45;43,94;1937441
2010-09-02;43,1;43,76;43,05;43,42;2014321
2010-09-01;41,6;43,2;41,13;43,15;2144344
2010-08-31;41,39;41,39;40,52;41,22;957898
2010-08-30;42,3;42,39;41,23;41,68;1178569
2010-08-27;42,1;42,39;41,14;42,02;1217764
2010-08-26;41,11;42,37;41,11;42,27;1994484
2010-08-25;42,48;42,48;40,19;40,81;2150602
2010-08-24;42,53;42,75;41,2;41,58;2573864
2010-08-23;42;43,85;41,81;42,82;1495850
2010-08-20;42,8;43,28;41,78;42,01;1317644
2010-08-19;43,28;43,89;42,63;42,81;1085638
2010-08-18;43,98;44,04;43,1;43,21;1116011
2010-08-17;43,59;43,96;43;43,95;911387
2010-08-16;44,03;44,52;42,8;43,31;1321858
2010-08-13;42,65;44,05;42,4;43,69;1987414
2010-08-12;42,39;43,7;41,88;42,57;2167736
2010-08-11;45;45;42,8;42,9;1884901
2010-08-10;45,6;45,99;44,81;45,04;2200029
2010-08-09;45,74;46,84;45,31;45,55;3236455
2010-08-06;45,37;46,3;45;45,04;2533602
2010-08-05;44,2;45,5;44,15;44,99;2935408
2010-08-04;41,9;44,5;41,85;44,01;5555895
2010-08-03;42;42;41,25;41,8;2336167
2010-08-02;40,2;42;40,12;41,89;1612822
2010-07-30;40,09;40,68;39,81;40,24;1008610
2010-07-29;40,2;40,74;39,85;40,51;1425059
2010-07-27;40,14;40,67;40,14;40,34;1152825
2010-07-26;40,02;40,14;39,58;40,13;686991
2010-07-23;39,52;40,14;39,25;39,92;1230649
2010-07-22;38,68;39,98;38,6;39,75;1394116
2010-07-21;38,76;39,49;38,54;38,97;1427824
2010-07-20;38,86;39;38,04;38,54;2038700
2010-07-19;38,61;39,38;38,21;38,86;1222234
2010-07-16;39,59;39,81;38,3;39;2140088
2010-07-15;39,27;39,85;38,87;39,24;1295305
2010-07-14;39,5;39,94;38,85;39,29;1619045
2010-07-13;38,1;39,5;38,09;39,5;2316865
2010-07-12;38,18;38,5;37,65;38,29;1168972
2010-07-09;37,99;38,45;37,72;37,92;2770730
2010-07-08;37,28;37,94;36,55;37,68;3216701
2010-07-07;35,5;36,86;34,87;36,86;1744328
2010-07-06;34,64;35,99;34,55;35,79;1868715
2010-07-05;34,98;34,98;33,92;34,3;1353750
2010-07-02;34,06;35,14;34,06;34,82;2363474
2010-07-01;34,27;34,54;33,47;33,81;2592697
2010-06-30;33,89;34,87;33,63;34,63;3869533
2010-06-29;34,93;35,24;33,95;34;3149121
2010-06-28;35,75;35,84;34,81;35,29;1981451
2010-06-25;35,64;35,64;35,64;35,64;I/T
2010-06-24;36,92;37,19;35,38;35,64;2516372
2010-06-23;37,1;37,66;36,51;36,86;1802680
2010-06-22;38,5;38,51;37,06;37,67;2388535
2010-06-21;38,37;38,73;38,2;38,7;2089143
2010-06-18;38,39;38,4;37,67;37,82;1529607
2010-06-17;37,7;38,5;37,57;38,03;1901949
2010-06-16;38,16;38,5;37,65;37,8;2494367
2010-06-15;37,69;38,17;37,21;38,03;2527016
2010-06-14;37,54;37,95;37,45;37,85;2389465
2010-06-11;36,16;37,05;35,86;36,77;2571489
2010-06-10;35,8;36,33;35,11;36,11;3751279
2010-06-09;35,34;35,84;34,84;35,79;2844565
2010-06-08;35,45;35,62;34,7;35,18;3167331
2010-06-07;35,37;36,03;34,83;35,43;2237523
2010-06-04;37,41;37,9;36;36,15;2485198
2010-06-03;37,34;37,76;36,81;37,21;2965191
2010-06-02;36,1;36,67;35,51;36,4;3034802
2010-06-01;35,8;36,9;34,9;36,42;4131794
2010-05-31;36,1;36,34;35,59;35,8;1035712
2010-05-28;37,15;37,2;36,04;36,09;1959728
2010-05-27;36;36,88;36;36,71;3143412
2010-05-26;34,77;36;34;35,59;17328811
2010-05-25;34,28;34,45;33,36;33,93;5105858
2010-05-21;34,59;35,35;33,91;35,05;5751655
2010-05-20;35,16;35,85;33,73;34,67;4422095
2010-05-19;35,98;36,05;34,67;34,68;3960138
2010-05-18;36,23;36,66;35,68;36,21;3291453
2010-05-17;36,5;36,76;35,7;35,7;3503128
2010-05-12;37,58;39,63;37,11;39,43;2524166
2010-05-11;38,8;38,8;37,07;37,51;3496054
2010-05-10;39,25;40,1;38,7;39,19;4770125
2010-05-07;39;39,79;37,37;37,87;4992869
2010-05-06;41;42,34;39,94;40,16;3860803
2010-05-05;43,3;43,43;40,83;41,38;3449049
2010-05-04;45;45,03;43,4;43,47;3012760
2010-05-03;44,5;45,33;44,22;44,87;1594438
2010-04-29;45,09;45,68;44,59;45,3;1693368
2010-04-28;46;46,3;45;45,17;2233810
2010-04-27;47,72;47,91;46,06;46,11;2667621
2010-04-26;47,84;48,86;47,64;47,7;2532587
2010-04-23;47;47,7;46,64;47,49;1895523
2010-04-22;46,53;47,51;46,41;47;2330213
2010-04-21;48,01;48,23;46,29;46,52;2881367
2010-04-19;47,8;48,15;47,15;47,86;1827709
2010-04-16;49,52;49,74;48,32;48,49;1767317
2010-04-15;50;50,1;49,44;49,87;1665163
2010-04-14;49,33;49,77;49,13;49,77;1987506
2010-04-13;50,6;50,7;49;49,3;2271493
2010-04-12;49,8;51,2;49,78;50,75;1783937
2010-04-09;50,6;50,6;50;50;1931361
2010-04-08;50,9;50,9;49,65;50;2328248
2010-04-07;53,1;53,5;50,75;51;4107081
2010-04-06;51;53,15;48,75;53,1;4255271
2010-03-31;61,4;62;60,8;61,15;1593718
2010-03-30;62,45;62,95;61,1;61,4;2629549
2010-03-26;62;62,7;61,75;62,5;1375943
2010-03-25;61,2;62,45;61,2;62,15;1681491
2010-03-24;61,65;61,95;60,75;61,2;958247
2010-03-23;61,6;62,15;61;61,7;1478157
2010-03-22;60,1;61,85;60,1;61,5;1562489
2010-03-19;62;62,45;61,15;61,6;1294418
2010-03-18;62,25;62,5;61,65;61,65;1849119
2010-03-17;61,85;63;61,75;62,45;1677681
2010-03-16;60,75;61,8;60,75;61,7;2056709
2010-03-15;60,15;60,75;59,65;60,6;1340338
2010-03-11;60,1;60,45;59,65;59,85;1577859
2010-03-10;60,3;60,75;60;60,25;1488377
2010-03-09;60;60,75;59,6;60,3;1610208
2010-03-08;59,8;59,8;59,1;59,5;1069662
2010-03-05;59,4;59,75;58,55;59,5;1891096
2010-03-04;57,55;59,75;57,2;59,05;2973040
2010-03-03;57,25;57,95;56,95;57,95;1526941
2010-03-02;56,5;57,35;55,95;57,1;1175068
2010-03-01;54,15;56,85;54,15;56,5;2589643
2010-02-26;54;54,25;53,65;54,15;1369001
2010-02-25;54,25;54,25;53,05;53,7;1787033
2010-02-24;53,9;54,2;53,1;54;1708328
2010-02-23;54,3;54,85;53,15;53,55;1397085
2010-02-22;54,95;55,35;54;54,3;1222424
2010-02-19;54,25;54,8;53,75;54,7;1828990
2010-02-18;55,15;55,35;53,9;54,55;1748023
2010-02-17;53,2;55,8;53,2;55,2;2320744
2010-02-16;54,95;55,7;54,3;55,7;1228349
2010-02-15;54,95;55,6;53,8;54,15;1195424
2010-02-12;56,6;56,75;54,75;55,1;1921321
2010-02-11;55,25;56,95;55,25;56,3;1822234
2010-02-10;56;56,2;55;55;1514240
2010-02-09;55;56;54,3;55,65;1843906
2010-02-08;56,2;56,2;53,55;55;2059832
2010-02-05;56,45;56,7;55,4;55,75;2342324
2010-02-04;57,6;57,95;56,85;57,05;1841603
2010-02-03;58,1;58,65;57,4;57,6;1609532
2010-02-02;56,75;57,95;55,5;57,95;3179057
2010-02-01;56,3;56,75;56,1;56,55;1014893
2010-01-29;55,4;57,25;55,25;56,7;2774192
2010-01-28;57,7;57,95;55,5;55,6;2265864
2010-01-27;57;58,1;56,55;57,2;1893295
2010-01-26;58,15;58,4;57,15;57,6;2204969
2010-01-25;58;58,9;57,3;58,5;1334464
2010-01-22;59,25;59,3;57,65;58,1;1563514
2010-01-21;60,15;60,2;59,1;59,35;2209939
2010-01-20;61;61,5;59,65;59,65;2500855
2010-01-19;59,6;61;58,9;61;2109541
2010-01-18;58,85;60,4;58,85;59,5;974238
2010-01-15;60,45;60,45;58,7;58,75;1378898
2010-01-14;60,5;60,7;59,95;60,35;1593701
2010-01-13;60;60,25;59,15;59,95;1868666
2010-01-12;60,2;60,25;58,55;58,95;1380896
2010-01-08;60,55;60,8;59,7;60,3;1828566
2010-01-07;60,55;60,9;59,85;60,4;2919446
2010-01-06;60,25;60,25;60,25;60,25;I/T
2010-01-05;58,4;60,25;58,25;60,25;1196455
2010-01-04;57,1;58,35;57;58,15;1215017
2010-01-01;56,6;56,6;56,6;56,6;I/T
2009-12-30;57,4;57,4;56,4;56,6;1023000
2009-12-29;56,85;57,65;56,8;57,25;745269
2009-12-28;57,3;57,75;56,65;56,95;571695
2009-12-25;57;57;57;57;I/T
2009-12-24;57;57;57;57;I/T
2009-12-23;56,9;57,25;56,7;57;821220
2009-12-21;57,8;57,85;56,15;57,25;1474746
2009-12-18;57,9;58,2;57,15;57,5;1315322
2009-12-17;58,85;58,9;57,55;57,65;1483709
2009-12-16;58,8;59,3;58,45;59;1231831
2009-12-15;59,05;59,1;58,25;58,45;1105195
2009-12-14;58,35;59,35;58,2;59,05;1779642
2009-12-11;56;58;55,9;57,9;2771602
2009-12-10;55,95;56,25;55,5;55,65;1622515
2009-12-09;57,2;57,4;56;56;1487898
2009-12-08;58,1;58,15;56,8;57,25;1900688
2009-12-07;58,85;59,25;57,9;58,1;1608068
2009-12-04;57,9;59,45;57,5;59,15;1402276
2009-12-03;58,8;59,2;58,05;58,05;1120916
2009-12-02;59;59,2;58,05;58,55;1462626
2009-12-01;58;59,45;57,95;59,3;1483629
2009-11-30;58,5;58,7;56,85;58;1684706
2009-11-27;56,55;58,35;55,7;58,35;2487138
2009-11-26;59,5;59,85;56,75;56,75;2033029
2009-11-25;62,7;63,55;57,65;59,35;6522083
2009-11-24;62,75;63,4;62,5;62,65;1160659
2009-11-23;62,35;63,25;62,3;63;1169328
2009-11-20;63,7;64,15;61,65;62;1092329
2009-11-19;62,75;64,45;62,7;63,4;1652112
2009-11-18;62,4;63;62,25;62,5;1099899
2009-11-17;61,5;62,45;61;61,95;1113657
2009-11-16;61,4;61,85;61,05;61,75;782199
2009-11-13;62,1;62,3;60,55;60,8;1237336
2009-11-12;61,55;62,45;61,3;62;1457511
2009-11-11;62,3;63,3;61,55;61,55;1667237
2009-11-10;63;63,1;60,55;61,5;1725032
2009-11-09;61,5;62,9;61,3;62,85;892096
2009-11-06;61,7;62,2;60,4;60,75;1295256
2009-11-05;61,4;61,7;60,1;61,55;1342961
2009-11-04;60,75;61,9;60,25;61,6;1246659
2009-11-03;60,4;60,6;59,3;59,9;944781
2009-11-02;59,6;60,55;59,2;60,25;1200378
2009-10-30;62;62,05;60,55;61,4;511920
2009-10-29;59,05;61,45;58,25;61,35;1494214
2009-10-28;62,45;62,45;59,05;59,05;1360258
2009-10-27;61,85;62,8;61,5;62,3;1023992
2009-10-26;63,8;63,8;61,45;61,85;1501078
2009-10-23;64,8;64,8;63,4;63,4;828507
2009-10-22;63,6;64,2;62,3;63,7;1062579
2009-10-21;65,2;65,9;63,1;63,5;2135631
2009-10-20;65,8;66,4;64,5;65,3;1704789
2009-10-19;63,5;65;63,4;65;1881513
2009-10-16;61,7;64,2;61,7;62,7;2535650
2009-10-15;61,5;62;60,2;60,4;1652039
2009-10-14;60,3;62,8;60,3;61,5;2451475
2009-10-13;60,3;60,9;59,1;59,7;1844737
2009-10-12;58,5;60,2;58,3;60;2206777
2009-10-09;57,3;58,8;56,7;58,2;1954044
2009-10-08;58,9;58,9;55,8;57,1;2481689
2009-10-07;58,9;59;57;57,6;1681513
2009-10-06;56,4;58,9;56,1;58,5;1536960
2009-10-05;55,6;56,9;55,6;55,7;1255870
2009-10-02;56,5;57,3;55;55,2;1389555
2009-10-01;57;58,4;56,7;57,2;1815854
2009-09-30;56,3;56,9;56;56,5;886686
2009-09-29;57,5;57,5;55,7;55,9;907589
2009-09-28;56,6;57,6;55,4;56,9;1338983
2009-09-25;53,9;57,1;53,9;56,2;1640469
2009-09-24;54,6;56,4;53;54,1;2428721
2009-09-23;57,1;57,3;55,1;55,6;1362529
2009-09-22;57,2;58,1;57,1;57,5;1292795
2009-09-21;59,1;59,2;56,7;56,9;1412043
2009-09-18;58,9;59,5;58,6;59,2;1606528
2009-09-17;59;59,1;58,4;58,9;1685546
2009-09-16;58,7;58,8;57,9;58,3;1649619
2009-09-15;58,9;59,3;58,2;58,3;1541518
2009-09-14;59,8;59,8;58;58,7;1448198
2009-09-11;59;60,5;58,8;60,2;2152440
2009-09-10;60,3;61;58,2;58,4;2009483
2009-09-09;58,5;59,7;58,2;59,4;1296130
2009-09-08;59,4;59,7;58,2;58,8;2290976
2009-09-07;62;62,4;59,2;59,4;2108656
2009-09-04;61,5;61,9;60,8;61,1;1290747
2009-09-03;61,8;62,5;61;61,2;2125212
2009-09-02;62,2;62,2;61;61,8;1956484
2009-09-01;65,1;65,8;62;62,3;1545670
2009-08-31;66,1;66,6;64,1;65,1;1163394
2009-08-28;68,1;68,7;66,9;67,2;1105064
2009-08-27;68,3;68,8;66,6;67,2;666063
2009-08-26;68,3;69,2;68;68,3;1034187
2009-08-25;67,7;69,2;66,9;68,4;894000
2009-08-24;68,2;68,7;68,1;68,2;675207
2009-08-21;66,7;68,3;66,1;68,2;1399246
2009-08-20;67,4;67,6;66,7;67;1622192
2009-08-19;66,6;66,7;65,1;66,5;1412544
2009-08-18;66,5;67,3;66,1;66,6;760010
2009-08-17;66,9;67,1;64,7;66,5;1419382
2009-08-14;67,6;68,9;67,1;67,1;897685
2009-08-13;67;68,5;66,9;67,8;1688712
2009-08-12;65,4;68,3;63,7;66,9;1716507
2009-08-11;66,4;66,8;64,6;65,6;1329516
2009-08-10;65,5;66,3;64,8;65,9;887390
2009-08-07;65,2;65,9;64;65,8;752806
2009-08-06;65,4;66;65,2;65,2;613743
2009-08-05;66,8;67;64,8;64,8;802446
2009-08-04;66,8;66,8;65,4;66,3;686243
2009-08-03;64,1;66,9;64,1;66,7;936996
2009-07-31;65,5;65,5;62,8;63,9;956802
2009-07-30;63,1;65,5;62,5;65,3;819034
2009-07-29;64,3;64,8;63;63,3;637828
2009-07-28;65,1;65,8;64,4;64,6;742022
2009-07-27;65,4;65,9;64,4;65;846218
2009-07-24;65,4;65,8;64,2;65,2;727686
2009-07-23;63,2;65,9;63,2;65,7;1266753
2009-07-22;63,3;63,4;62,5;63,4;743595
2009-07-21;62,8;63,5;62,7;63,3;832612
2009-07-20;61,6;62,9;61,6;62,4;712567
2009-07-17;60,6;61,5;60,5;61,2;758989
2009-07-16;60,4;61;59,3;60,6;748176
2009-07-15;58,4;60,6;58,4;60,4;987189
2009-07-14;57,9;58,6;57,4;58,3;682716
2009-07-13;54,5;57,5;54,2;57,2;992547
2009-07-10;55,6;56,3;54,7;55;674123
2009-07-09;56,4;56,5;55,8;56,1;835860
2009-07-08;56,3;56,6;55,6;55,7;937755
2009-07-07;56,4;57,4;56,2;57;1323976
2009-07-06;58,7;58,7;56,3;56,7;1010993
2009-07-03;59,2;60,4;58,7;58,9;446132
2009-07-02;60,5;61;58,5;59,5;790309
2009-07-01;60;61,1;60;61,1;913801
2009-06-30;60,3;61,2;59,3;59,7;1356477
2009-06-29;58,4;59,9;58,1;59,9;684190
2009-06-26;58,7;59,6;58;58,4;996665
2009-06-25;59,4;60;57,1;57,9;1239744
2009-06-24;56,1;59,4;56,1;59,1;1302010
2009-06-23;55,5;56,8;54,5;55,5;1632616
2009-06-22;59,8;60;55,6;56;1551871
2009-06-19;59,7;60,2;58,4;59,8;0
2009-06-18;59,7;60,2;58,4;59,8;1411986
2009-06-17;60,6;60,6;58,1;59;1846659
2009-06-16;60;61,5;59,7;60,6;1724274
2009-06-15;64;64;60,4;60,7;1970077
2009-06-12;65,2;65,2;64;64;1408217
2009-06-11;65,2;65,8;64,8;65,2;1551303
2009-06-10;65,4;66,2;64,7;65,2;1987358
2009-06-09;64,5;64,5;63,3;64,1;1062672
2009-06-08;64,2;64,2;62,3;63,5;1515396
2009-06-05;66,25;66,5;64,5;64,5;1574216
2009-06-04;64,5;66,25;64,25;65,5;1277834
2009-06-03;67,75;68;64,25;64,75;1415311
2009-06-02;68,5;68,5;66,75;68;1099283
2009-06-01;68,25;68,75;67,5;68,5;1883026
2009-05-29;67,5;68;66,25;67;2825794
2009-05-28;67;67,25;65,5;66,5;2032333
2009-05-27;69;69,75;67,25;67,75;1823606
2009-05-26;66,25;68,75;63,75;68,25;1755878
2009-05-25;68,25;68,25;66;67;736193
2009-05-22;67;68;65,75;67;1321365
2009-05-21;67,25;68,5;67;68,5;0
2009-05-20;67,25;68,5;67;68,5;557565
2009-05-19;69,5;70,75;66,25;66,75;2517052
2009-05-18;62;67,25;61;67;4684052
2009-05-15;60,25;63,75;60;63,25;1655076
2009-05-14;59,25;60;58,25;59,5;1235681
2009-05-13;62,75;64;57,75;60;3369828
2009-05-12;61,75;64,75;61,25;61,5;4539383
2009-05-11;60,25;60,5;58,25;59;1396304
2009-05-08;61,25;61,75;59,25;59,5;1754345
2009-05-07;60;62;59,25;60;2563171
2009-05-06;57,25;60,5;56,5;59,75;1746916
2009-05-05;56,5;59;55,75;57;2034372
2009-05-04;54,75;56,75;54,5;56,5;1500139
2009-05-01;53;53,75;52,5;53,25;0
2009-04-30;53;53,75;52,5;53,25;767882
2009-04-29;50,75;52,25;50,75;52,25;1011798
2009-04-28;51,5;51,75;49,4;50,5;1777041
2009-04-27;51;53;50,25;52,25;1732177
2009-04-24;49,5;52,25;49;52,25;1675279
2009-04-23;48,9;50,5;48,3;49;2200981
2009-04-22;49,7;49,7;47,8;48,9;2031548
2009-04-21;48,2;48,9;46,4;48,7;2226946
2009-04-20;52,5;53,25;48;48,1;2057420
2009-04-17;52,25;53,5;51,75;53;2769067
2009-04-16;49,3;52,25;48,9;51,5;2214223
2009-04-15;48,9;50;48,4;48,7;1137950
2009-04-14;49,1;50,75;48,4;49,1;2153837
2009-04-13;47,8;49,2;47,7;49,2;0
2009-04-10;47,8;49,2;47,7;49,2;0
2009-04-09;47,8;49,2;47,7;49,2;911591
2009-04-08;47,1;47,5;46,3;47;1861146
2009-04-07;48;48,6;46,9;48;1638507
2009-04-06;49;49,8;47,7;47,8;1929951
2009-04-03;46,8;50;46,8;48;3603850
2009-04-02;44,2;47;44,2;46,8;2030852
2009-04-01;44,3;44,4;43,1;43,7;1970302
2009-03-31;43,8;45;43,5;44,7;1407705
2009-03-30;44,1;44,6;43;43,1;1533294
2009-03-27;46;46,7;44,6;45,1;3714617
2009-03-26;46,6;47,1;45,7;46,8;2166205
2009-03-25;45,3;46,8;45;46,7;2173407
2009-03-24;46,1;46,7;44,6;45,1;2735878
2009-03-23;45;45,4;44,1;45,1;3118003
2009-03-20;42,5;45,2;41,8;45;3691617
2009-03-19;39,7;42,8;39,7;42,5;3136423
2009-03-18;41;41,3;39,1;39,1;1673220
2009-03-17;39,5;40,4;39,1;40,2;2767331
2009-03-16;39,6;40,1;38,7;39,9;1136766
2009-03-13;39,5;39,8;39,1;39,4;1916908
2009-03-12;38,6;38,9;37,5;38,4;1899325
2009-03-11;36,8;40;38,1;39,5;2266423
2009-03-10;36,8;39,7;35,9;39,4;3158431
2009-03-09;37;37;35,1;36,5;2135930
2009-03-06;35,5;37,5;35,2;36,5;2164672
2009-03-05;38,4;38,4;35,5;35,8;1720721
2009-03-04;35,5;38,4;35,2;38,4;1581618
2009-03-03;35,6;37;34,6;34,6;1380083
2009-03-02;37,6;37,8;35,7;36;1634486
2009-02-27;39,8;39,8;37,4;38,5;1435599
2009-02-26;39,7;40;38,6;39,9;2012833
2009-02-25;39,5;40;38,6;38,8;2298405
2009-02-24;38,5;39,6;37,9;38,4;2218085
2009-02-23;40,5;40,8;38,7;39,1;2597417
2009-02-20;41,3;41,3;39,8;39,8;1913592
2009-02-19;39,9;41,7;39,1;41,6;1795388
2009-02-18;38,7;40,9;38,7;39,8;2927749
2009-02-17;41,1;41,1;38,8;39,1;2181513
2009-02-16;42,5;42,9;41,7;42;1044811
2009-02-13;42,6;42,9;41,9;42,9;1191332
2009-02-12;41,7;42,2;40,6;42,1;1871324
2009-02-11;41,9;42,9;41,5;42;1963009
2009-02-10;43,7;43,8;42,3;42,6;1868816
2009-02-09;42,9;44,2;42,3;44,2;1612971
2009-02-06;42,5;43,2;42;43;1553239
2009-02-05;42;42,5;41,3;42,5;1427244
2009-02-04;41;42,8;40,4;42,7;1984060
2009-02-03;40,5;41,2;39,3;41;3213820
2009-02-02;41,2;41,2;39,9;40,4;2544783
2009-01-30;41,8;42,7;40,3;41,4;2377706
2009-01-29;43,3;43,3;41,5;41,6;1610360
2009-01-28;45,5;45,5;42,8;43,4;3859893
2009-01-27;46,1;46,1;44,1;45,5;2499699
2009-01-26;45,3;46;43,7;45,5;2761851
2009-01-23;42,8;45;41,6;45;2534301
2009-01-22;47,1;47,5;42,1;42,5;2914463
2009-01-21;40,8;46,5;40,3;46,3;4091381
2009-01-20;42;43,4;40,9;41,3;1914255
2009-01-19;44,8;45,5;41,7;42,1;1347950
2009-01-16;43,7;44,5;43,2;43,9;1767149
2009-01-15;40,6;43,5;39;42,2;2688003
2009-01-14;45;45,5;40,2;40,9;2809178
2009-01-13;45,3;45,5;43,1;44,2;2804170
2009-01-12;45,5;47,1;45,2;45,5;1832801
2009-01-09;47,5;48,1;46;46,2;1819997
2009-01-08;45,1;48;44,5;47,7;2365297
2009-01-07;47;48,7;45,9;46,4;2836443
2009-01-06;48,1;48,3;46,4;47;0
2009-01-05;48,1;48,3;46,4;47;1517470
2009-01-02;43,1;46;42;45,7;1607163
2009-01-01;41,1;41,8;40,6;41;0
2008-12-31;41,1;41,8;40,6;41;0
2008-12-30;41,1;41,8;40,6;41;1375841
2008-12-29;41;42,7;40,2;40,6;1318171
2008-12-26;38,3;41,8;38;40,9;0
2008-12-25;38,3;41,8;38;40,9;0
2008-12-24;38,3;41,8;38;40,9;0
2008-12-23;38,3;41,8;38;40,9;1242290
2008-12-22;39,8;40;37,6;39;2034586
2008-12-19;41,6;42,4;39,9;40;2268287
2008-12-18;42,7;43,4;41,5;42,6;2610414
2008-12-17;46;46,9;42,8;43,6;2845395
2008-12-16;44,4;46,8;44,2;45;2552791
2008-12-15;43,5;47,9;43,5;44,8;3614404
2008-12-12;41;43,8;40,7;42,8;3365141
2008-12-11;43;45;41,8;43,6;3860469
2008-12-10;38,8;43,8;38,5;43,5;3320132
2008-12-09;36,2;39,8;36;39,3;3203287
2008-12-08;34,8;37,5;34,8;37,3;2124887
2008-12-05;36,3;35,6;32,8;33,3;1979588
2008-12-04;36,3;37,6;35,9;36,4;1554215
2008-12-03;37;38,1;35,4;37,5;1755896
2008-12-02;35,3;38,2;33,8;37;2854861
2008-12-01;39,1;39,1;35,7;36,1;1935376
2008-11-28;38,6;39,3;36,5;39,2;2428783
2008-11-27;34,6;38,6;34,3;38,5;2666150
2008-11-26;34,4;36,4;33,2;33,7;3148865
2008-11-25;35,1;37;33,5;35,4;2861095
2008-11-24;31,5;34,8;31,3;34,7;3967267
2008-11-21;29,4;32,3;28,7;30,3;4194577
2008-11-20;31,4;31,8;28,7;28,9;3654703
2008-11-19;38;38,9;32,5;32,8;2981139
2008-11-18;37,7;38;35,1;37,5;1979840
2008-11-17;38,9;40,6;37,2;37,9;1549997
2008-11-14;40,9;42;38,3;39,2;2097466
2008-11-13;35;39,4;34;38,3;2304772
2008-11-12;40,9;42;35,5;36,2;2926414
2008-11-11;43;44,7;40,2;40,2;2506196
2008-11-10;39,1;45,5;43,4;43,9;1741192
2008-11-07;39,1;42,4;38,8;41,7;2575535
2008-11-06;41,1;43,7;39,2;39,4;3179147
2008-11-05;44,5;44,9;41,8;43,1;1958317
2008-11-04;39,8;44,2;39,5;43,8;3613977
2008-11-03;37,5;41,6;37,4;41;2545962
2008-10-31;37,3;38,2;35,5;36,3;1466318
2008-10-30;33,6;38,7;33,1;37,4;4751644
2008-10-29;32;33,6;31,3;33,1;2792870
2008-10-28;30;31,4;28,7;29,8;2440364
2008-10-27;28,6;30,5;25,6;29,1;3245296
2008-10-24;36,4;36,4;29,1;30,1;4789082
2008-10-23;39,1;39,9;35,7;37,8;2632339
2008-10-22;40;41,3;38,6;39,5;1921861
2008-10-21;42;43,1;40,8;42;1757268
2008-10-20;41,1;41,4;39,5;40,7;2010037
2008-10-17;41,7;42,1;36,2;39,5;3299859
2008-10-16;39,8;43,5;38,3;39,1;3243469
2008-10-15;46,7;47,2;43,4;43,5;2705680
2008-10-14;48,8;50,5;46,9;47;2649795
2008-10-13;43,5;45,9;43,2;45,6;2231926
2008-10-10;39;43,6;37,5;40,6;4509213
2008-10-09;44,2;45,6;44;44,6;3414015
2008-10-08;47,1;49;40,7;43,1;6551530
2008-10-07;51,25;53;49;50,5;2927392
2008-10-06;53;53;48,6;50;3792655
2008-10-03;55,75;57,75;53,25;56,25;2084546
2008-10-02;57;59;55,5;56;2060507
2008-10-01;59;60;55,75;57,5;1965368
2008-09-30;49,8;58,75;49,5;56,5;3454980
2008-09-29;58;58,5;54,25;55;2369101
2008-09-26;60,5;60,5;58,25;58,75;1704485
2008-09-25;57;61,75;56,75;61,75;2272190
2008-09-24;57,75;58,25;55,75;56;1558091
2008-09-23;59;60;57,5;58,75;2557153
2008-09-22;58,75;61,25;57,25;59;3235987
2008-09-19;55,75;58,5;54,25;57,5;4668164
2008-09-18;48,5;53,25;48,4;52;4147077
2008-09-17;48,5;51,25;48,2;49,1;5712424
2008-09-16;48,8;49;46,2;47,1;7246678
2008-09-15;54,75;55;50,5;51,75;3726489
2008-09-12;52,75;56,75;52,5;56,75;2724795
2008-09-11;51,75;53,5;51,25;51,75;2178623
2008-09-10;53,75;54;50,5;51,5;5277478
2008-09-09;59,5;59,75;52,75;53,25;3649892
2008-09-08;60,75;61,5;59,25;59,75;2406648
2008-09-05;60,75;61,75;58;58,25;2479828
2008-09-04;63,75;65;61,5;61,5;1531237
2008-09-03;64,5;65,5;63,25;63,75;1478432
2008-09-02;65,25;66,25;63,5;64,75;3241429
2008-09-01;71;71,25;66,75;67;1896527
2008-08-29;70,5;70,5;68,75;70,5;1762702
2008-08-28;68;70,75;67,75;70,5;3181977
2008-08-27;65,5;67,75;64,5;67,5;1450974
2008-08-26;64,5;65,75;63,25;65;1580860
2008-08-25;65,75;67;64,75;65,25;955150
2008-08-22;66;67;65,25;67;3358424
2008-08-21;64;66,5;63,25;65;2812860
2008-08-20;64,25;64,5;62,75;63,25;2160187
2008-08-19;65,5;65,5;63;63;3931804
2008-08-18;66,5;67,75;66;67;2977395
2008-08-15;68,5;68,5;65,5;65,75;2510229
2008-08-14;69,5;70;68;69;2299079
2008-08-13;67,25;69;66,5;68;5166799
2008-08-12;74;74,25;70;71,75;2240107
2008-08-11;74,5;75,75;74;74,25;1115314
2008-08-08;75,5;75,75;73,25;74;1222254
2008-08-07;73,25;76,5;73,25;76,25;1387498
2008-08-06;73,25;74,25;71,5;73,75;2384653
2008-08-05;77;77;71,5;73,25;3326718
2008-08-04;79,75;79,75;77,5;77,75;1112891
2008-08-01;79;80;78,5;79;941642
2008-07-31;81;82;79,25;80;1144311
2008-07-30;79,5;80;78,25;80;890099
2008-07-29;78;80;78;79,25;945816
2008-07-28;77,25;79,25;77,25;78,75;756018
2008-07-25;76;78,25;75,25;77,25;1575274
2008-07-24;79,25;79,25;75,5;76;1777076
2008-07-23;79,25;82;78,75;79,75;2348530
2008-07-22;78;80;78;79,25;1474920
2008-07-21;79;81;78,75;79,5;2559399
2008-07-18;79;79,75;77,75;79,25;2092916
2008-07-17;78,25;81,25;77;80;3208003
2008-07-16;79,75;80;76;77;2824407
2008-07-15;81,75;82,25;79,5;80,25;2177689
2008-07-14;82,75;84,5;81,75;83;2123192
2008-07-11;80,75;84,25;80,75;83;2465162
2008-07-10;83;83;79,5;79,75;2274042
2008-07-09;84,5;85,75;83;83,75;1458476
2008-07-08;82,75;85,75;81,75;83;3029932
2008-07-07;87,5;87,75;83,25;84;2137706
2008-07-04;86,75;87,75;84,5;86,5;2182626
2008-07-03;90,25;94;85,25;85,75;6062867
2008-07-02;85,25;85,75;84,25;84,75;1904405
2008-07-01;89;89,5;83;85;1849307
2008-06-30;88,25;91,25;87,5;89;2552495
2008-06-27;87,75;89;85,25;88;1948005
2008-06-26;84,5;88;81,75;87,5;3956649
2008-06-25;87;87,5;80;83,5;4179648
2008-06-24;90,75;91,75;86,25;87,25;1719106
2008-06-23;86,75;91,25;86,25;91;2211479
2008-06-20;87;89;86;87,25;0
2008-06-19;87;89;86;87,25;1853314
2008-06-18;90,5;91;86,75;87,25;1584932
2008-06-17;89,75;91,75;88,5;90,75;1526125
2008-06-16;87,5;89,5;86,5;89,5;1425654
2008-06-13;87;89;86,25;87,25;1776512
2008-06-12;86;87,5;85,5;87;1740974
2008-06-11;89,75;90,25;85,5;85,75;3617098
2008-06-10;92;92,5;88;89,25;2479140
2008-06-09;89,75;93,25;89,75;92,25;2482601
2008-06-06;90,25;90,25;87,25;88,5;0
2008-06-05;90,25;90,25;87,25;88,5;2438972
2008-06-04;93,25;93,25;89,5;90,5;3166414
2008-06-03;93,25;94,25;92,25;94;1078790
2008-06-02;93,75;94;91,5;93,5;1012949
2008-05-30;93,75;93,75;92,25;92,75;2432175
2008-05-29;93;94,5;92,5;94,5;2092139
2008-05-28;92;92,75;89,75;92,25;3523002
2008-05-27;96;98;92;92,25;3166891
2008-05-26;92,25;95,5;92,25;95,5;2194533
2008-05-23;93;94;91,75;91,75;2186839
2008-05-22;95;96,75;91,75;93,25;3679181
2008-05-21;89,5;95;89,5;94,5;5018198
2008-05-20;90,5;91,25;88,75;89,25;3334479
2008-05-19;86,5;91,25;86,5;91;4354024
2008-05-16;84;86,5;83,75;86;4545150
2008-05-15;82,75;84;82,25;83;3685742
2008-05-14;80,75;82,75;80,75;82,25;2976624
2008-05-13;80,25;81;79;79,5;2793341
2008-05-12;78,75;81;78,5;79,75;4042872
2008-05-09;79;79,25;77;77,5;4353963
2008-05-08;86,75;89;77,25;79,25;7109789
2008-05-07;86;88;85,75;87;1943828
2008-05-06;83,25;85,75;83,25;85,75;2106711
2008-05-05;82,25;83,25;81,5;83;1139792
2008-05-02;84,25;84,25;81,25;82,25;1547843
2008-05-01;82,75;83,75;82,5;83,75;0
2008-04-30;82,75;83,75;82,5;83,75;909982
2008-04-29;85,5;85,75;82;82,5;1641069
2008-04-28;85,25;86;84,5;85,25;1822754
2008-04-25;85;86;84;85,25;1406657
2008-04-24;85,5;85,75;84;84,75;1324324
2008-04-23;85,5;86;84,25;85,75;1697778
2008-04-22;83,5;86;83,5;85;2740275
2008-04-21;85;85,5;83,5;84;1893042
2008-04-18;85,25;85,5;84,5;84,5;1913812
2008-04-17;86;86,25;84,25;85;1591144
2008-04-16;84,75;86;83,75;86;1952429
2008-04-15;84;85;83,75;84,25;1686292
2008-04-14;83;84;82,75;83;1806126
2008-04-11;87,25;89,25;83,75;83,75;3436977
2008-04-10;84,25;86,75;83,5;86,75;2157754
2008-04-09;83,5;85;82,25;84,75;3161153
2008-04-08;84,75;86;83,25;83,75;2998302
2008-04-07;86;87;82,5;85,5;4725924
2008-04-04;84,75;85;82,75;83;1915595
2008-04-03;86;87;84,25;84,5;2285888
2008-04-02;83,5;86,25;81,75;86,25;3312155
2008-04-01;80,25;83,25;79,5;83;2535576
2008-03-31;79;80,75;78;80,75;2306774
2008-03-28;78,75;79,75;78,25;79;1287930
2008-03-27;77,75;79,5;77,5;79;2331588
2008-03-26;74;78,75;74;78,25;2436371
2008-03-25;76,5;77;73,5;74;2044851
2008-03-24;73;76,5;72;75,5;0
2008-03-21;73;76,5;72;75,5;0
2008-03-20;73;76,5;72;75,5;1557531
2008-03-19;76;76,5;73,75;74,25;2617433
2008-03-18;74;77,25;73,75;74,75;3588858
2008-03-17;75;77;73,25;73,25;2847418
2008-03-14;77,5;79,75;76,5;77,75;2868255
2008-03-13;77,75;78,5;76,5;77,25;2038174
2008-03-12;78,5;80;77,75;78,5;2097681
2008-03-11;76;79,5;75;77,25;2632298
2008-03-10;75;76;74;75,5;2881174
2008-03-07;80,5;78,25;76,5;78;1907183
2008-03-06;80,5;81,25;78,5;79,25;1741444
2008-03-05;77,5;80,75;76,25;80,25;2718978
2008-03-04;78;78,25;76;76,5;2126667
2008-03-03;79,75;79,75;76,5;77,75;2582568
2008-02-29;78,5;81,5;78,25;81,25;2935072
2008-02-28;78,75;79,5;78,25;78,75;2170944
2008-02-27;78;79,5;77,5;79,25;2576514
2008-02-26;78,25;78,5;76;77,5;2533884
2008-02-25;77,75;78,5;77,25;77,75;3156403
2008-02-22;74;77,75;73,25;76,5;5748541
2008-02-21;69,75;75;69,75;74,5;6478194
2008-02-20;66;68,75;65,75;68,75;3316797
2008-02-19;66,5;67,5;65,5;67,5;2950504
2008-02-18;65,75;67,75;65,5;66,75;3571500
2008-02-15;66,25;67,5;65;65,25;3086700
2008-02-14;64,75;66,5;63,5;65,75;5178827
2008-02-13;64,75;67;63;63,5;6310133
2008-02-12;66,5;66,75;63,75;65,5;3018149
2008-02-11;65,75;66,75;64,25;65,75;2620510
2008-02-08;63;65,75;62,25;65,25;3132537
2008-02-07;64,25;64,5;62;62,25;2362929
2008-02-06;63,25;65,75;63;64,75;2108146
2008-02-05;67,5;68,75;63,75;64,5;2746174
2008-02-04;64,75;68,25;63,75;67,5;3308864
2008-02-01;63,25;64,25;61,75;63;2843014
2008-01-31;65;65,75;62;62,5;3930515
2008-01-30;65,25;66;64;64,75;5511133
2008-01-28;60,25;62,75;60;62,25;2454019
2008-01-25;63,5;63,75;61,25;62;2038891
2008-01-24;58;61,5;57,25;61,25;3348910
2008-01-23;57,25;58,5;54,5;56;3247025
2008-01-22;53,25;59,25;52,25;57;5170125
2008-01-21;60;60,75;55;56,25;2947679
2008-01-18;58,5;61;58,25;59,5;2918783
2008-01-17;62;63;58,5;59,25;4297793
2008-01-16;62,25;63,5;60,5;61,25;3199180
2008-01-15;66;66,5;63,25;63,75;1928944
2008-01-14;64;66,25;63,5;66;2092837
2008-01-11;64;66;63,5;64,5;2848796
2008-01-10;68,25;68,25;63,75;64,25;2044369
2008-01-09;67,5;67,5;65,25;67;2781775
2008-01-08;64,25;68;64,25;67,25;1812542
2008-01-04;68,75;69,75;65,25;65,75;2155082
2008-01-03;67,5;68,5;67;68,5;1919341
2008-01-02;67,75;67,75;66,5;66,75;2209813
2008-01-01;67;68,5;66,5;67,5;0
2007-12-28;67;68,5;66,5;67,5;4712357
2007-12-27;67,25;67,75;66,25;67,5;1545322
2007-12-26;64,75;68;64,75;67,5;0
2007-12-25;64,75;68;64,75;67,5;0
2007-12-21;64,75;68;64,75;67,5;2421643
2007-12-20;67;67,25;64,5;65;1998356
2007-12-18;67,75;68,5;66,25;66,75;2309024
2007-12-17;70,25;70,25;67,5;67,75;2282042
2007-12-13;72;72;68,5;68,5;2196756
2007-12-12;70,75;72,75;70,5;72,25;1228933
2007-12-10;69,25;70,75;68,5;70,75;1059089
2007-12-07;72;72;68,5;69,5;2326793
2007-12-06;72,75;73,5;70,5;71,5;2191539
2007-12-05;70,25;73,5;70,25;72,25;1868071
2007-12-03;71,5;72,5;68,75;69,25;2152000
2007-11-30;70,5;72,5;70,25;72;2225161
2007-11-29;68,5;71;68,25;70,5;1829466
2007-11-26;66,75;69,5;66,5;69;2036164
2007-11-23;67,5;67,75;66,75;67,25;1583490
2007-11-22;66;67;65,5;67;2220656
2007-11-21;65;66,75;64;66;3722783
2007-11-20;60,5;64,75;57;64,75;6091458
2007-11-19;65,25;65,25;59;59,75;6328868
2007-11-16;65,75;65,75;64;65;3378504
2007-11-14;70,75;71,5;67;68,5;3392969
2007-11-13;72,25;72,75;69,5;69,75;2572322
2007-11-12;73,5;74,75;71,75;73,25;1371211
2007-11-09;77,75;77,75;74,25;74,75;1423891
2007-11-05;74,75;76,75;74,25;76,25;1382340
2007-11-01;77,25;78;74,5;75,75;2799938
2007-10-31;76,25;76,75;74,25;76,25;2592546
2007-10-30;79,25;79,25;75,5;76,25;2180502
2007-10-29;78;79,75;77,5;79,25;3514138
2007-10-26;75;77,25;74,75;77;3318167
2007-10-25;75,5;76,5;73,25;74,75;4054768
2007-10-24;76;76;72,25;72,75;1980717
2007-10-23;72,5;76,25;72,25;75,75;2354828
2007-10-22;71;75,25;70;71,75;3924786
2007-10-19;75,5;75,5;72,75;73,25;1170681
2007-10-18;75,75;76,75;74;75;2169203
2007-10-17;78,5;78,5;75,75;76,25;2229653
2007-10-16;78,5;79,25;75,25;79,25;2983612
2007-10-15;74,25;78,75;74,25;78,5;3512918
2007-10-12;73;74,25;73;74;924105
2007-10-11;72,5;74,25;72,5;74,25;1780166
2007-10-10;72,5;73;71,75;72,25;1396827
2007-10-09;71,5;72,75;70,75;72,5;1503409
2007-10-08;71,25;72,75;71,25;71,5;1165842
2007-10-05;73;74;72;72,5;950189
2007-10-04;71,5;73;70,75;73;1256725
2007-10-03;72,75;73;70,5;71,5;1383091
2007-10-02;72,25;73;72;72,75;1244604
2007-10-01;74;74;71,5;72;1303956
2007-09-28;75,25;75,75;73,75;74,25;2019816
2007-09-27;74;75,5;73,75;75;1784058
2007-09-26;72;73,5;71,75;73,25;1410839
2007-09-25;73,75;74;71,25;71,5;1355278
2007-09-24;73,25;74,25;72,5;74;1235173
2007-09-21;73,25;73,5;72,25;73;1216515
2007-09-20;73,75;74;72,5;73,5;1553314
2007-09-19;74,5;76,5;73;74;3294513
2007-09-18;69,75;72,5;69,75;72,5;2257913
2007-09-17;70,75;70,75;69;69,25;1609055
2007-09-14;70,25;71,25;68,25;71;2116634
2007-09-13;69,5;70,5;69,25;70,25;1797965
2007-09-12;68;69,75;66,75;69,25;2497827
2007-09-11;67,5;69,25;66,25;67,25;1809277
2007-09-10;65,25;67,25;63,75;66,25;2342444
2007-09-07;67,25;67,75;65;65,75;2003553
2007-09-06;67,25;68,75;66;67,25;3000644
2007-09-05;70,5;70,5;65,5;66,25;3471225
2007-09-04;66,5;70,75;66,25;69,5;2992380
2007-09-03;67;67,25;66;66,5;937670
2007-08-31;66;67,25;64,75;66,5;2809819
2007-08-30;66,75;67,75;64;65,75;2282400
2007-08-29;62,5;66,5;62;65,5;1903963
2007-08-28;64;64,5;63,25;63,5;1226203
2007-08-27;65,75;65,75;64;64;1132137
2007-08-24;63,25;65,25;62,75;64,75;1664818
2007-08-23;63,75;64,5;63;63,75;2728290
2007-08-22;60;63,5;59,75;63;3575457
2007-08-21;62;62,75;59,5;59,5;4863830
2007-08-20;62;63,25;60;60,5;5678324
2007-08-17;58,25;63,5;57,25;59,25;8055494
2007-08-16;61,5;61,5;57,75;58,75;9555985
2007-08-15;66;66;62,75;63,75;4506047
2007-08-14;66,75;69;66,25;67,25;2073456
2007-08-13;70;70,25;66,5;67;2747772
2007-08-10;69,75;72,5;68;68,75;6900573
2007-08-09;69,75;72,5;67,25;70,5;3671804
2007-08-08;68,5;70;68;69,25;3104996
2007-08-07;72;69,5;67,75;68;2338727
2007-08-06;72;70,25;67,75;68,25;2247993
2007-08-03;72;72,25;70,25;70,75;758727
2007-08-02;73;73;71,25;71,75;1955936
2007-08-01;70,25;73;70,25;72;1634040
2007-07-31;72,5;74,25;72;72,25;2664975
2007-07-30;72,5;74,5;72,5;73,25;1848096
2007-07-27;72,25;74,5;71,5;72,5;3079630
2007-07-26;75,25;76;72,75;73;1439871
2007-07-25;73,75;75,25;73,25;74,75;1926974
2007-07-24;77;77;74,5;74,75;1393747
2007-07-23;76;77;75,75;76,75;1474033
2007-07-20;76,5;76,5;75,25;75,75;962215
2007-07-19;76,75;77;75,75;76,25;1271507
2007-07-18;77;77,5;75,75;76,5;1728899
2007-07-17;78,75;79;76,75;76,75;2425137
2007-07-16;76,25;79;75;78,5;4727387
2007-07-13;73,5;74,75;73;74,75;1869842
2007-07-12;72,75;73,25;72;73;1328859
2007-07-11;71,25;72,5;71;72,5;1340580
2007-07-10;73;74;70,5;72;2482156
2007-07-09;71,5;73,25;71,5;73;2303422
2007-07-06;69,5;71,25;69,25;71;1748636
2007-07-05;71;71;68,75;69,25;1790598
2007-07-04;68,75;70,5;68,25;70,25;2484461
2007-07-03;68,5;68,75;68;68,5;856846
2007-07-02;68,75;68,75;67,25;68;2374723
2007-06-29;66,75;68,75;65,5;68,5;2280084
2007-06-28;65,75;66,75;65,25;66,75;1343791
2007-06-27;65,5;66;64,25;65;1300434
2007-06-26;65,5;66;65,5;65,75;947305
2007-06-25;65;66;64,75;65,75;1343843
2007-06-22;65,75;66,25;65,25;65,75;0
2007-06-21;65,75;66,25;65,25;65,75;1852583
2007-06-20;65,75;66,25;65,25;66,25;1268114
2007-06-19;67;67,25;65,25;65,5;1758889
2007-06-18;67;67,75;66,25;66,75;1283018
2007-06-15;65,5;67,25;65,25;66,25;3343741
2007-06-14;65,75;65,75;64,5;65,25;2781624
2007-06-13;63,5;65;63,25;64,75;1266718
2007-06-12;64,75;65,75;63,75;63,75;2751062
2007-06-11;64,75;65,5;63,75;64,75;2161920
2007-06-08;63;64;62,75;63,5;1732946
2007-06-07;64;64,5;63;63,75;2006181
2007-06-06;64,25;64,75;63,5;64,75;0
2007-06-05;64,25;64,75;63,5;64,75;2290625
2007-06-04;65;66;63,5;63,75;4891348
2007-06-01;73;73,75;61,75;64,25;12336242
2007-05-31;69,25;73,25;69,25;72,75;3454731
2007-05-30;69,5;69,5;68,25;69;1125688
2007-05-29;70,5;70,75;69,5;69,75;1014103
2007-05-28;71,75;71,75;70,5;70,5;369467
2007-05-25;70,75;71,75;70,5;71,5;1680023
2007-05-24;71,25;71,5;70,75;70,75;2185354
2007-05-23;71;71,5;70,25;71,25;1814001
2007-05-22;72;72,5;71;71,25;3250481
2007-05-21;71;72,75;71;71,75;3810109
2007-05-18;70,5;71,25;69,75;71;2520079
2007-05-17;70,25;70,5;69,25;70;0
2007-05-16;70,25;70,5;69,25;70;1955522
2007-05-15;73,25;73,25;70,25;70,5;6425998
2007-05-14;74,75;75,75;74,5;75,25;1426826
2007-05-11;73,75;75,25;73,25;74,5;1583877
2007-05-10;74,75;75,5;74,5;74,5;871256
2007-05-09;76,5;76,5;74,25;75;1559900
2007-05-08;76,5;77,25;75,5;76,25;1351041
2007-05-07;77,75;77,75;76,5;77;781098
2007-05-04;75,75;78;77;77,5;883314
2007-05-03;75,75;77;75;77;1792634
2007-05-02;76;75,75;74,25;75,5;2790380
2007-05-01;76;76,5;74,75;75;0
2007-04-30;76;76,5;74,75;75;1124031
2007-04-27;76,5;77,25;75,5;76;3297660
2007-04-26;77,5;78,25;77;78;2063207
2007-04-25;78;78,25;76,25;77;3098881
2007-04-24;80,25;80,75;78;78,5;2212236
2007-04-23;79,75;80;79;79,75;902285
2007-04-20;79;80;78,75;79,5;1361396
2007-04-19;78,75;79;77,5;78,75;2248390
2007-04-18;81,75;81,75;79,25;79,75;3436691
2007-04-17;82,5;82,75;81,25;82;1555941
2007-04-16;82,25;83;82;82,5;1326475
2007-04-13;81,5;82;81,25;82;1252593
2007-04-12;81,25;81,5;79,5;80,5;1840336
2007-04-11;81,5;82,5;81,25;81,5;2090546
2007-04-10;81,75;81,75;80,25;81;1717020
2007-04-04;82,75;83;81,25;81,75;2315134
2007-04-03;82,75;83,5;82,25;82,5;1527063
2007-04-02;83;83,5;81,75;82,5;2880270
2007-03-30;83,5;84,25;82,5;82,75;2500270
2007-03-29;82;83,75;81,5;82,75;2364548
2007-03-28;82;82,75;80,5;81,25;3055141
2007-03-27;83,75;84;81,5;81,5;2346604
2007-03-26;81,75;84,75;81,5;82,75;3871490
2007-03-23;82,25;83,5;81,25;81,25;4189147
2007-03-22;81;83,5;81;82,25;7755696
2007-03-21;77,75;79,5;77,25;78,25;5134831
2007-03-20;74,75;77,25;73,75;77;2910146
2007-03-19;74;74,75;73,25;74,25;1383977
2007-03-16;72,5;73,75;72;73,25;1067399
2007-03-15;72,75;73;71,75;73;1023299
2007-03-14;72;72,75;70,75;71,25;1611442
2007-03-13;73,5;74,75;73;73,75;1202791
2007-03-12;74,5;74,5;73;73,75;1490495
2007-03-09;74,75;75,25;73,5;74;1546475
2007-03-08;73;75;73;74,5;3910941
2007-03-07;71,25;72,5;71,25;72,5;1815778
2007-03-06;71,75;72,25;70,25;70,75;1579394
2007-03-05;70;71,75;68,25;70,75;2205488
2007-03-02;73,5;74;71,25;72;1904583
2007-03-01;72,75;75;71,25;73;2724579
2007-02-28;70,75;73,25;70;72;2702910
2007-02-27;76,25;76,5;71,5;73;3834623
2007-02-26;75;77,5;75;76;3058889
2007-02-23;72;75;71,75;75;4664909
2007-02-22;70,75;71,25;70;70,25;1896370
2007-02-21;69,75;70,5;69,5;70,25;2353885
2007-02-20;69;70,25;68;68;2706329
2007-02-19;70,25;70,5;68,25;69;3669438
2007-02-16;70;70,5;69,5;70;3193064
2007-02-15;71,25;71,5;70,25;70,75;1719464
2007-02-14;71;72;70,5;71,25;1214576
2007-02-13;70,75;71,25;70,25;71,25;1784685
2007-02-12;72,75;73;70,75;71;2094449
2007-02-09;73;73;72,25;72,75;849797
2007-02-08;72,5;73,25;71,5;72;2370193
2007-02-07;73,25;73,75;72;72,75;2142833
2007-02-06;73,5;74,25;73;73,25;2273210
2007-02-05;73,25;73,75;72;73,75;2398888
2007-02-02;73,25;74,25;72,75;73;1544776
2007-02-01;74,25;74,25;73,25;73,25;2126052
2007-01-31;73,75;74;72,75;73,5;2096395
2007-01-30;72,75;73,25;72,25;73;879902
2007-01-29;73,75;74,5;72,5;73,25;1149417
2007-01-26;73,25;73,75;72,75;73,5;996604
2007-01-25;74,5;74,75;73;73,5;1299007
2007-01-24;74,75;75,5;73,75;74;2810908
2007-01-23;72,75;73,75;72,25;73,75;1586710
2007-01-22;70,75;73,25;72,75;72,75;2166880
2007-01-19;70,75;71,5;70,25;71;2014577
2007-01-18;71,75;73;70,5;71;2924018
2007-01-17;72,75;73;70,25;71,25;3427137
2007-01-16;73,75;74,5;72,75;73;1766333
2007-01-15;73;74;72,75;73,5;1705173
2007-01-12;72,5;73,5;71,25;71,75;1975374
2007-01-11;71,25;73,5;71;73;3289655
2007-01-10;72,25;72,75;71,5;72;2077013
2007-01-09;73,75;76,25;72;72,25;2785988
2007-01-08;73;74,5;73;73,5;1538529
2007-01-05;73,75;73,75;72;72,75;1254684
2007-01-04;77;77;73,75;74,5;2616272
2007-01-03;79,5;79,75;77;77,75;1922663
2007-01-02;79;79,5;78,5;79,5;2267999
2006-12-29;78,5;79,75;78;79,5;1956306
2006-12-28;79,5;79,25;77,5;78,5;1212428
2006-12-27;79,5;80;77,5;78;1886540
2006-12-22;79;80;79;79,5;5589487
2006-12-21;77;79;77;78,5;7113997
2006-12-20;75,75;77,5;75,5;77;4940988
2006-12-19;75,5;76,25;74;75;3898401
2006-12-18;73,75;75,75;73,5;75;4170794
2006-12-15;72,75;73,75;72,5;73,25;2355256
2006-12-14;72,75;73;72,25;72,75;1332520
2006-12-13;73;73,25;72,25;72,75;1310776
2006-12-12;73,25;73,75;73;73,75;1325095
2006-12-11;73;73,5;72,25;73,5;1307281
2006-12-08;72;73;71,75;73;1237840
2006-12-07;72,75;73;72;72,25;1236177
2006-12-06;73;73,5;72,25;72,75;1036840
2006-12-05;72,5;73,25;72,25;72,75;1199037
2006-12-04;72,5;73,5;71,75;72;1244130
2006-12-01;73,5;73,75;71,75;72;1199891
2006-11-30;74,75;75,25;73;73;2259685
2006-11-29;73;74;72,75;74;1914054
2006-11-28;71,25;72,5;70,5;72,5;2745023
2006-11-27;73,25;73,5;71,5;71,5;1798097
2006-11-24;74,25;74,5;72,5;73;2291621
2006-11-23;75;75,25;74;74,75;2658498
2006-11-22;74,25;76;74,25;74,75;4356963
2006-11-21;73,75;74;72,5;74;4134393
2006-11-20;70;73,5;69,5;73,25;5465325
2006-11-17;73,5;73,5;69,5;70;5568268
2006-11-16;74,25;75,25;73,5;74;3692247
2006-11-15;74,5;76,25;73,5;74,25;6969649
2006-11-14;79;79,25;77,75;78,25;3047957
2006-11-13;79,75;80,75;79,5;79,5;1113770
2006-11-10;81;81;79,75;80,25;1619524
2006-11-09;81,5;81,75;80,25;80,5;2155316
2006-11-08;80;81;79,5;80,75;1138425
2006-11-07;80,25;81;79,5;80,25;3118096
2006-11-06;79,5;80,5;79;79,75;2249691
2006-11-03;79,25;79,75;78,5;79,75;351313
2006-11-02;79,75;80;78;79;1500729
2006-11-01;80;80,75;79,5;79,75;1085970
2006-10-31;80;80,75;79,25;80;883160
2006-10-30;81,5;81,5;80,25;80,5;1144460
2006-10-27;83,25;83,5;81,25;82;1221539
2006-10-26;81,25;84,5;82,5;83;2260332
2006-10-25;81,25;83,75;81,25;83,5;2194687
2006-10-24;80,5;81,75;80,5;81,25;1908278
2006-10-23;82;82,25;80,5;81;1136146
2006-10-20;82;82,5;81,5;82;1466965
2006-10-19;80,5;81,75;80,5;81;1192488
2006-10-18;80,5;81,5;80,25;81,5;1300833
2006-10-17;81;81,75;80,5;80,75;2424651
2006-10-16;79,75;80,75;79,5;80;1937908
2006-10-13;78;80,75;77,25;78,75;4046527
2006-10-12;78,5;79;77;79;3236216
2006-10-11;78,25;78,75;77,25;78,5;941216
2006-10-10;78,25;79;78;78,5;1449378
2006-10-09;76,5;78,25;76,5;78;1268005
2006-10-06;76,5;77,5;76,5;76,75;916929
2006-10-05;76,5;77,75;75,75;77,5;1627293
2006-10-04;75,75;76,5;75;75,25;2997413
2006-10-03;78;78,25;76,25;77;1945019
2006-10-02;77,25;79;77,25;78,75;1159734
2006-09-29;78,75;78,75;76,5;77,25;1658319
2006-09-28;77;79,5;78,25;78,75;1289689
2006-09-27;77;79,25;76,75;78;2111999
2006-09-26;76;77,5;75,5;76,75;1676874
2006-09-25;77;77;74,25;75;3103509
2006-09-22;77;78;76,75;77,25;1008996
2006-09-21;77,5;77,5;76,5;77,25;1956514
2006-09-20;78,25;79;78;78,25;1279569
2006-09-19;80;80,25;79;79,25;1664613
2006-09-18;81;81;79,25;79,5;1395636
2006-09-15;79,5;80,75;79,5;80;2594116
2006-09-14;80;80,25;78,5;79,25;2248583
2006-09-13;78,25;79,5;77,25;79;1370797
2006-09-12;78,25;79,5;78,25;78,75;1027872
2006-09-11;79,5;79,75;78;78,5;2301677
2006-09-08;80,25;80,75;79,75;80;1808759
2006-09-07;80;80,5;79;80,5;1426926
2006-09-06;81,25;81,5;80,25;80,25;788356
2006-09-05;81;81,75;80,5;81,25;1048645
2006-09-04;82;82;80,25;81,5;1215801
2006-09-01;80,5;82,25;79,75;81,75;2283235
2006-08-31;81,75;82;79,75;80,25;2544736
2006-08-30;82,25;83,25;80,5;81,75;3023813
2006-08-29;81,5;82,75;81,5;82,5;1716560
2006-08-28;81;81,75;80,25;81,5;1637945
2006-08-25;81,5;82;80,5;81;819021
2006-08-24;81;81,5;80;81;820365
2006-08-23;82,25;82,5;80,5;80,75;931684
2006-08-22;83;83,75;81,75;82;1703190
2006-08-21;82,75;84,5;81,5;82,75;7326025
2006-08-18;82,25;82,75;81;82;1163178
2006-08-17;80;82;78,75;81,75;7124157
2006-08-16;78;82;77,5;80;4862470
2006-08-15;82,25;82,75;81;81,5;1590420
2006-08-14;81,75;82,75;81,5;82,25;1141457
2006-08-11;80,25;82,5;80,25;81,5;1712359
2006-08-10;83;83;81;82,5;1198087
2006-08-09;85;85,25;83;83,25;1477991
2006-08-08;83,5;85,5;83,25;84,25;1238864
2006-08-07;85;86;82,5;82,75;2009919
2006-08-04;81,25;86;81;84,75;8154186
2006-08-03;94,25;94,75;90,75;91;2828226
2006-08-02;92;94;92;93,75;2375746
2006-08-01;89;91,5;88,5;90,25;2168818
2006-07-31;89,75;90,25;88,5;88,5;1016979
2006-07-28;89,25;89,5;88;89,5;1677545
2006-07-27;88;90;87,5;88;1492916
2006-07-26;86,75;89,75;86,75;88;1707492
2006-07-25;86;87,25;86;86,75;870276
2006-07-24;85,75;86;84,5;85;746502
2006-07-21;86;86,75;85,25;86;789576
2006-07-20;85,75;87;85,5;85,75;1096645
2006-07-19;85;85,75;84;85;1476011
2006-07-18;85,5;86;83,75;84,75;1967671
2006-07-17;89;89,5;85;86;1319861
2006-07-14;89,5;90;88;88,5;1550698
2006-07-13;90;91;87,75;89;1842959
2006-07-12;89,5;91;88,25;88,75;1022891
2006-07-11;88;89,25;87,5;88,75;1039440
2006-07-10;89;89,5;88,25;88,75;542497
2006-07-07;89,5;91,75;87,75;89,75;1341262
2006-07-06;89,5;91,5;88,75;89;1460800
2006-07-05;91,25;89,75;87,5;88,25;784272
2006-07-04;91,25;91,25;89;89,25;1242916
2006-07-03;88,75;91;88,25;91;1270594
2006-06-30;89,75;90;87,25;87,25;2525852
2006-06-29;87,25;88;86;87,75;2600696
2006-06-28;83,25;87;83,25;85,75;1976625
2006-06-27;84;85,5;83,75;83,75;2215477
2006-06-26;82,75;83,25;81,75;83;612814
2006-06-23;82,75;83,75;80,5;81,5;1124234
2006-06-22;82,75;83,75;80,5;81,5;1124234
2006-06-21;82,75;83,25;80;81,25;1330357
2006-06-20;80,5;82,5;79;81,75;978093
2006-06-19;80,5;84,5;80;82,25;1860920
2006-06-16;85;85,5;78,5;79,5;2713822
2006-06-15;80;82,25;79;81,5;1651485
2006-06-14;73,75;78,5;72,5;76,5;4210642
2006-06-13;76,5;76,75;72,5;74;2589849
2006-06-12;81,5;82,5;78,25;79,25;1604393
2006-06-09;82,5;83,75;80,5;81;1741026
2006-06-08;81,5;82,75;78,5;78,75;3875719
2006-06-07;91,25;91,25;86,25;87;2719137
2006-06-06;95,75;96,25;93,75;93,75;1464711
2006-06-05;95,75;96,25;93,75;93,75;1464711
2006-06-02;95,25;95,75;93;93,5;2933472
2006-06-01;91,25;95,5;91,25;95;3485744
2006-05-31;88,5;93;87;92;2906783
2006-05-30;96,5;96,75;90;91,5;3356655
2006-05-29;97,5;98;94;95,25;4560922
2006-05-26;89,5;90;85,5;89,5;4882502
2006-05-25;87,5;87,5;81,5;82;3111919
2006-05-24;87,5;87,5;81,5;82;3111919
2006-05-23;80;88,25;79,75;88,25;6927326
2006-05-22;86;86;73;75,25;6041482
2006-05-19;89;91,75;87;88;3624479
2006-05-18;89,75;91,5;87;88,5;4852558
2006-05-17;98,5;99,75;92,25;93,25;3377821
2006-05-16;96,75;98,25;95,75;97;2014757
2006-05-15;101,5;101,5;95,75;99,25;2889981
2006-05-12;110;110,5;103;104;3584616
2006-05-11;108;114;108;111;3770434
2006-05-10;107,5;108;106;107;1421098
2006-05-09;105,5;107,5;104,5;107,5;2282447
2006-05-08;107;109;103;104;1889747
2006-05-05;104,5;108;103,5;107;1705667
2006-05-04;102,5;106,5;102;105,5;2169913
2006-05-03;109,5;110,5;103,5;104;3182092
2006-05-02;104;107,5;104;106;2261029
2006-05-01;101,5;103;99,75;101,5;2129998
2006-04-28;101,5;103;99,75;101,5;2129998
2006-04-27;104;105;101;102;2137684
2006-04-26;105,5;106,5;104;105;2206801
2006-04-25;107,5;110;103,5;104;2882984
2006-04-24;108,5;111;107,5;110;3327759
2006-04-21;100,5;110;99,75;106,5;4446972
2006-04-20;105;105;99;100,5;2658022
2006-04-19;99,75;103,5;99,25;102,5;6084031
2006-04-18;98;99,25;97,75;98,25;1650466
2006-04-12;97;97,25;94;96;1395822
2006-04-11;100;100;96,25;97;2476064
2006-04-10;96,5;98,5;96,25;98;1891965
2006-04-07;96;97,5;95,5;96;2867563
2006-04-06;91,5;95,5;91,25;95,5;3845152
2006-04-05;90,75;91;89,25;91;1550923
2006-04-04;92,75;92,75;89,75;90;1991162
2006-04-03;90,75;93,25;90,75;93;2103401
2006-03-31;89,75;91,75;89,5;90;1523052
2006-03-30;87,75;89,75;88,75;89,5;1508972
2006-03-29;87,75;89,5;88;88,5;919327
2006-03-28;87,75;89;87,5;88,25;1003301
2006-03-27;87,75;88,5;87;87,75;915628
2006-03-24;89;89,25;87;87,75;1911333
2006-03-23;85,75;88;85,25;88;2458296
2006-03-22;84;85,25;83,5;84,75;1241104
2006-03-21;84,25;84,25;82,75;84;1102136
2006-03-20;84,75;85,5;84;84,75;1316400
2006-03-17;85,5;85,5;84,25;85;1828714
2006-03-16;85,5;86,25;84,75;85,25;1300841
2006-03-15;87,25;87,25;85,5;86,5;967379
2006-03-14;86,75;87,5;85,75;87;1347960
2006-03-13;86,5;87,5;84,25;86,25;1716975
2006-03-10;85,5;87;85,5;86,5;1372957
2006-03-09;84,25;86;84,25;85,5;896389
2006-03-08;87,5;87,75;84,25;84,5;1943310
2006-03-07;88,5;88,5;87,5;88;691969
2006-03-06;89,5;90;88,5;89,25;799887
2006-03-03;91;91,75;90,25;90,25;1756590
2006-03-02;90,5;91,75;89,25;90;1300696
2006-03-01;88;90;88;90;1025230
2006-02-28;90;90;87,5;87,5;898985
2006-02-27;90,5;90,5;89;90,25;1708014
2006-02-24;88;90,5;87,5;90,5;1651476
2006-02-23;88;89;87,5;87,75;946772
2006-02-22;90;90;87,25;88,25;1946425
2006-02-21;91,5;92;90,25;91;2051347
2006-02-20;91,5;91,75;90,5;91;1660957
2006-02-17;89,75;91,25;89,75;90;2296804
2006-02-16;88;89,5;86,25;89,25;1497581
2006-02-15;88;88,5;87;87;1532410
2006-02-14;89;89,75;88;88,5;1464282
2006-02-13;88,75;89,75;87,25;89;1704241
2006-02-10;91;91;89,5;89,75;1242379
2006-02-09;90,75;91,75;90,5;91;1273337
2006-02-08;91,75;92;89,75;90,75;2796189
2006-02-07;93,75;94,5;92,5;93,5;1198142
2006-02-06;95;95,25;93,25;94,25;2152445
2006-02-03;94,25;95,75;93;93,5;2113944
2006-02-02;97,5;97,5;94,75;95;2665268
2006-02-01;99;99;97,25;98;971796
2006-01-31;99,25;99,75;98;98,75;1519685
2006-01-30;98,75;99,5;98,25;98,75;1620407
2006-01-27;97,5;98,5;97;98;1581351
2006-01-26;96,5;98,25;95,5;96;1666568
2006-01-25;97,25;97,5;95,75;96,5;2059030
2006-01-24;101,5;103;97,75;98,25;4795930
2006-01-23;96,25;103;96;100;6690869
2006-01-20;95,5;100,5;95,5;95,75;3644716
2006-01-19;94,25;94,5;92,5;93,5;1157137
2006-01-18;95;95;92,5;94;1539440
2006-01-17;94,75;96;94;94,5;1592885
2006-01-16;94;95;93,5;94,25;2636480
2006-01-13;96,5;96,75;93,5;93,75;2358728
2006-01-12;94,5;96,75;94,25;96,5;2512602
2006-01-11;89,5;94;89,25;93,75;4012041
2006-01-10;88,5;89,75;87,5;89,5;2233435
2006-01-09;89,5;89,75;88,25;88,75;2084099
2006-01-06;89;89;87,75;88,5;522454
2006-01-05;89;89;87,75;88,5;522454
2006-01-04;88,75;89,75;87,75;88,5;2289966
2006-01-03;85,5;88;85,25;87,75;2371787
2006-01-02;84,75;85,5;84,5;85;418832
2005-12-30;84,75;85;84;84;951548
2005-12-29;85,75;86,25;84,5;84,5;1276818
2005-12-28;85,75;85,75;84,5;85,25;1051430
2005-12-27;86,5;87;86;86,5;416300
2005-12-23;87;87,25;86,5;86,5;1160592
2005-12-22;86,25;87,75;86,25;86,5;1352033
2005-12-21;85,5;86,5;85,5;85,75;911504
2005-12-20;85;85,5;84,25;85,25;901628
2005-12-19;85;86,25;84,5;84,75;1863485
2005-12-16;86,75;87,5;86;86,25;1633981
2005-12-15;88;88;86,75;87,5;877322
2005-12-14;87;88,5;86,5;88,5;1448275
2005-12-13;86,5;86,75;85,75;86,5;766239
2005-12-12;87,5;87,75;85,75;86;806619
2005-12-09;87;87,5;86,75;87,25;1069833
2005-12-08;84,75;86,25;84;85,25;1283815
2005-12-07;86;87;85;85;1205293
2005-12-06;86;86,5;85;86,25;1501519
2005-12-05;87,25;87,75;86,25;86,25;1051114
2005-12-02;86,5;87;85,5;86;1091090
2005-12-01;83,75;85,75;83,25;85,25;1334849
2005-11-30;87;84,5;82,5;82,5;3285892
2005-11-29;87;87;84,25;84,75;2358112
2005-11-28;89;89;87,25;87,5;949044
2005-11-25;87,5;88,75;87,25;88,5;781291
2005-11-24;87,5;88,25;86,75;87;1216101
2005-11-23;89;89,5;86,75;87;2163198
2005-11-21;85,5;86,5;85;86,25;968820
2005-11-18;85,5;85,75;84,25;85,25;1620419
2005-11-17;85,25;86,5;84,5;86,25;2134932
2005-11-16;83,25;84,75;82,5;83,75;1642153
2005-11-15;84,25;85,5;82,5;83;923267
2005-11-14;81,5;84;81;84;924662
2005-11-11;81,5;81,75;80,25;80,75;1326112
2005-11-10;81,5;82,5;80;81,5;1175305
2005-11-09;82,75;83,75;82;82,25;959109
2005-11-08;83,75;84,5;82;82;976769
2005-11-07;84,5;85;83;83,75;780345
2005-11-04;86;86,5;84;85;382569
2005-11-03;82;85;82;85;1826966
2005-11-02;80,25;81,75;80;81,25;1238167
2005-11-01;80;80,75;78,75;80;830636
2005-10-31;79;81,75;79;80,5;724086
2005-10-28;78,75;79,5;77,75;78,75;529987
2005-10-27;79,75;80,75;78,25;78,75;631827
2005-10-26;81;82;80;81,25;1901849
2005-10-25;80,25;82;79;80,25;3171633
2005-10-24;77,5;79,5;77;79,5;1333294
2005-10-21;75;77,5;74,75;76,5;2401290
2005-10-20;78,75;82,5;76,25;76,25;3325220
2005-10-19;80,25;80,25;77,25;78;3684531
2005-10-18;84,5;85;81,5;82,25;1615949
2005-10-17;83,25;84,75;83;84,5;1380183
2005-10-14;84;84;81;81,25;2615309
2005-10-13;87,75;87,75;83,25;84;2616635
2005-10-12;89,25;90,25;87,75;88,25;3051441
2005-10-11;84,75;87,5;84,5;87,5;2918819
2005-10-10;84;86,25;82,75;83,5;3290988
2005-10-07;80,75;84,5;80,5;82,5;3756940
2005-10-06;83,5;84;79,75;81,25;5785895
2005-10-05;87,25;88;86;86;2104919
2005-10-04;92,25;92,5;88,25;88,75;2570860
2005-10-03;90,5;94,25;89,25;93;3473187
2005-09-30;98,5;99;98;98;749248
2005-09-29;99;99,75;98,5;98,75;795157
2005-09-28;97,5;98,75;96,25;98,5;1113682
2005-09-27;97,5;98,75;97,25;98;850631
2005-09-26;94;96,75;93,5;96,5;934895
2005-09-23;98,75;99;95,75;96;1310590
2005-09-22;99;100,5;98,75;99,75;1844224
2005-09-21;96,25;98,5;95,75;98;1885040
2005-09-20;97,25;97,25;95,25;95,75;929504
2005-09-19;94,75;97;93,75;96,5;1452659
2005-09-16;93;93,75;92,5;93,75;724482
2005-09-15;94,25;94,5;92,75;94;688248
2005-09-14;90,25;93,5;90;93,5;1223063
2005-09-13;91,5;91,5;89,25;91;1619690
2005-09-12;92,75;94,25;92,5;92,75;1501144
2005-09-09;92,75;94,5;92,75;94;786266
2005-09-08;93;94,5;92;92,75;1445340
2005-09-07;94;94,5;92,25;94;1763471
2005-09-06;94,75;96;93;94,75;1293020
2005-09-05;95,5;96,5;94,5;95;1113924
2005-09-02;93,25;99;93,25;97,5;3807142
2005-09-01;93,5;93,75;92,25;93;967060
2005-08-31;91,25;94;91;93,25;1908607
2005-08-30;91,75;91,75;90;91,25;1110576
2005-08-29;93;93,75;90,75;91;1232627
2005-08-26;90;92,5;90;90,5;1086756
2005-08-25;93,5;94,5;91,5;91,5;1108472
2005-08-24;91,75;93;90;91,25;1175699
2005-08-23;95;95,5;90,5;91;1181967
2005-08-22;96,5;96,75;94,25;94,5;1799810
2005-08-19;85;94;84,75;93,5;2761983
2005-08-18;86,5;86,75;84;84;2922160
2005-08-17;88,75;93,75;86,25;88;3600682
2005-08-16;92,75;93;90;91,5;1889337
2005-08-15;96,5;97;91,75;92,25;1863909
2005-08-12;95,25;97;94,75;96,25;2492739
2005-08-11;92,25;93,75;91,25;93,5;2454583
2005-08-10;90;90;87,75;89;1340719
2005-08-09;86,25;92;86,25;90;2832441
2005-08-08;84,75;86,75;84,75;85,75;1039283
2005-08-05;81,25;84;81,25;83,75;1021859
2005-08-04;80,5;81;80;81;544982
2005-08-03;81,75;81,75;80,25;80,5;535700
2005-08-02;82,5;82,5;80;81,25;1311267
2005-08-01;80;82,75;80;81,25;1088610
2005-07-29;80,25;80,75;77,75;79,75;1487943
2005-07-28;73,75;79,25;73,75;79;2263928
2005-07-27;74;74,25;73,75;73,75;314452
2005-07-26;74,25;74,25;73,75;73,75;637045
2005-07-25;74,75;75;73,75;73,75;539168
2005-07-22;73,75;74,75;73,25;74,75;435091
2005-07-21;74,5;74,5;73,75;74;279082
2005-07-20;74,5;75;74,25;74,5;285828
2005-07-19;73,5;74,25;73,25;74,25;606255
2005-07-18;74,75;75,5;73;73,5;769655
2005-07-15;73,5;74,75;73;74,5;817957
2005-07-14;74,75;75,25;73,5;73,5;529887
2005-07-13;74,25;75;74;75;800103
2005-07-12;74,5;74,5;72,5;74;1432684
2005-07-11;74;76;73,75;74,25;1152872
2005-07-08;75;75,25;74,25;74,5;1755743
2005-07-07;74,75;75,25;70;74,25;1602871
2005-07-06;76,5;77,75;73,75;74,25;2050392
2005-07-05;73,25;76;73,25;75,5;2274532
2005-07-04;70;72,5;69,5;72,25;1545070
2005-07-01;66,75;69,5;66,25;69;1280423
2005-06-30;65,5;67;65,25;67;649825
2005-06-29;65,25;66,5;64;65,5;995161
2005-06-28;67,5;68;66;66,25;1074806
2005-06-27;66,25;67,25;65,5;66,5;1106623
2005-06-24;63,25;65;63,25;64,5;723383
2005-06-23;63,25;65;63,25;64,5;726885
2005-06-22;64;64,25;63,25;63,75;466547
2005-06-21;64,25;64,5;63,75;63,75;772378
2005-06-20;63,5;64,75;63,5;63,75;1312040
2005-06-17;60,75;62,25;60,5;62;956758
2005-06-16;60,25;61,25;59,5;59,75;1177301
2005-06-15;62;62,25;59,75;60,25;1458001
2005-06-14;59,75;62,25;59,75;62;3871919
2005-06-13;58,5;58,5;57,5;58,5;629594
2005-06-10;57;58,5;57;58,5;2025855
2005-06-09;55,25;56,5;55,25;56,5;1149191
2005-06-08;54,5;55,5;53,5;55,5;667271
2005-06-07;55;55;54,25;54,5;388694
2005-06-06;55;55;55;55;I/T
2005-06-03;55,5;55,5;54,75;55;659313
2005-06-02;55;55,5;55;55,25;510149
2005-06-01;54,25;55;54;54,75;312897
2005-05-31;55,5;55,5;53,75;53,75;1132214
2005-05-30;56;56;55;55;305176
2005-05-27;55,75;55,75;55,25;55,75;266423
2005-05-26;55,5;55,75;55;55,5;966048
2005-05-25;55;55;54,25;55;620581
2005-05-24;54,75;55,5;54,5;54,75;912421
2005-05-23;54,5;55,25;54;54,75;732359
2005-05-20;54,75;55,25;54,5;54,75;506851
2005-05-19;53,75;55;53,5;54,75;873936
2005-05-18;53,25;55,5;52,5;54,25;2183253
2005-05-17;51;52;50,75;52;1418838
2005-05-16;51,25;51,75;49,3;51;1750633
2005-05-13;53,25;53,25;50,25;52;2173072
2005-05-12;54,75;55;53,75;53,75;465961
2005-05-11;55,5;56;54,5;55,25;247060
2005-05-10;54,75;55,75;54,75;55,5;540862
2005-05-09;55;55;53,75;54,5;359782
2005-05-06;53,25;55,5;53,25;55;364767
2005-05-05;53,5;53,75;53,25;53,5;538200
2005-05-04;53,5;53,75;53,25;53,5;469368
2005-05-03;53,75;54;53,25;53,75;259769
2005-05-02;52;53,25;51,75;53;538229
2005-04-29;52,5;54;52;53,5;533980
2005-04-28;54;54,75;52;52,5;715324
2005-04-27;56,25;56,25;54,25;54,25;389297
2005-04-26;56;56,5;55,5;56,5;539312
2005-04-25;56;57;56;56,25;215196
2005-04-22;56,25;56,5;55,75;56;227023
2005-04-21;56,25;56,5;55,5;56;201277
2005-04-20;56,5;56,75;55,75;56,25;412059
2005-04-19;55,75;56,25;54,5;55,5;450376
2005-04-18;55;56;52,5;56;1142710
2005-04-15;56,25;56,25;55,5;55,75;360360
2005-04-14;56,5;56,5;55,25;56;666918
2005-04-13;57;57,5;56,25;57;649420
2005-04-12;57,25;58,5;57,25;57,75;764138
2005-04-11;56,5;57;56;56,75;323065
2005-04-08;56,25;57,25;55,5;57,25;704626
2005-04-07;56,75;57,75;56,25;56,5;1005500
2005-04-06;57,75;57,75;56;57;1631560
2005-04-05;56,75;58,75;56,5;58,25;1231698
2005-04-04;56,75;57,5;56,5;57;816901
2005-04-01;54,75;56,5;54,75;55,5;884961
2005-03-31;54,25;55;54;54,5;437671
2005-03-30;54,75;55;54;54,25;386121
2005-03-29;55;55,25;54,75;55;374327
2005-03-28;54,75;55,25;54,5;55,25;184500
2005-03-24;54,75;55,25;54,5;55,25;185058
2005-03-23;56,5;56,5;54,75;55;959269
2005-03-22;56,5;57;56,25;57;1961573
2005-03-21;55,75;57;55,75;56,75;943142
2005-03-18;55;56,25;55;56;1542698
2005-03-17;55,75;56,5;54,5;54,5;1136473
2005-03-16;55;55,75;54,75;55,25;1348652
2005-03-15;53,75;55;53,75;54,75;496885
2005-03-14;54,5;54,5;53,5;53,5;537982
2005-03-11;53,75;54,5;53;54,5;818938
2005-03-10;56,25;56,5;53,5;54,75;1291151
2005-03-09;54,75;56,5;54,75;56,25;1687169
2005-03-08;54;54,5;53,5;54,5;522653
2005-03-07;55;55,5;52,75;53,75;1231788
2005-03-04;52,75;55;52,75;54,5;3889479
2005-03-03;50,5;52,5;50,25;52,25;2065084
2005-03-02;49,1;50,5;48,9;50,25;741436
2005-03-01;50;50,5;48,4;49;988742
2005-02-28;51;51,75;49,6;49,8;1353805
2005-02-25;49,3;51;49,2;50,5;2085457
2005-02-24;47;49,7;46,1;48,6;2203218
2005-02-23;49,2;49,6;48,1;48,3;1358465
2005-02-22;48,6;49,5;48;49,2;883521
2005-02-21;48,3;48,8;48,3;48,6;720866
2005-02-18;46,8;48,3;46,8;48;919726
2005-02-17;46,7;46,9;46,5;46,7;535940
2005-02-16;46,5;46,8;46,3;46,5;338643
2005-02-15;46,6;46,9;46,2;46,4;552909
2005-02-14;44,9;46,5;44,9;46,3;871312
2005-02-11;45,3;45,3;44,8;44,9;222475
2005-02-10;44,5;45,2;44,1;45;556804
2005-02-09;44,5;45;44,5;44,7;324539
2005-02-08;45,1;45,2;44,6;44,6;454876
2005-02-07;45,9;45,9;45;45,6;568055
2005-02-04;44,9;45,9;44,9;45,9;480811
2005-02-03;44,1;44,9;44;44,7;363749
2005-02-02;44,5;44,5;44;44,1;362946
2005-02-01;45;45,1;44,3;44,3;576405
2005-01-31;45,9;46,3;44,4;44,4;828525
2005-01-28;47;47;46,2;46,7;428269
2005-01-27;46,9;47,1;46,5;47,1;468311
2005-01-26;46,9;47,2;46,7;47;1146460
2005-01-25;45,9;46,7;45,8;46,7;961874
2005-01-24;45,1;45,3;44,8;45,3;777390
2005-01-21;45,9;46;44,5;44,8;725063
2005-01-20;46,9;46,9;45;45;1111445
2005-01-19;45,2;46,9;44,8;46,9;2284035
2005-01-18;45;45,3;44,8;45,2;797098
2005-01-17;44,6;45;44,6;44,9;853587
2005-01-14;43,3;44;43,3;43,9;788817
2005-01-13;42,1;44,4;42,1;43,1;1324480
2005-01-12;42,6;42,6;41,6;42,1;528819
2005-01-11;42,6;42,8;42,2;42,6;616042
2005-01-10;42,3;42,7;42,2;42,7;1078836
2005-01-07;40,8;41,9;40,8;41,9;1608916
2005-01-06;40,3;40,5;40,2;40,5;323824
2005-01-05;40,3;40,5;40,2;40,5;370824
2005-01-04;38,1;39,9;37,8;39,9;953580
2005-01-03;38,2;38,7;38,1;38,3;700326
2004-12-31;38,7;38,8;38;38,1;1061007
2004-12-30;38,7;38,8;38;38,1;1179507
2004-12-29;38,3;38,9;38,2;38,6;682070
2004-12-28;38,9;39,2;38,1;38,3;1033120
2004-12-27;40,3;40,3;38,2;39,3;1123611
2004-12-24;40,1;40,4;39,9;40,4;702355
2004-12-23;40,1;40,4;39,9;40,4;714036
2004-12-22;41,5;41,7;39,7;40;1945943
2004-12-21;42;42,1;41,4;41,5;1400432
2004-12-20;42,7;43,2;41,8;41,8;579396
2004-12-17;42,8;43,2;41,7;42,2;460153
2004-12-16;42,6;42,9;42,2;42,6;699957
2004-12-15;41,5;42,1;41,3;42,1;676883
2004-12-14;42;42;40,8;41,3;670287
2004-12-13;43;43,8;40,8;41,7;1557467
2004-12-10;42,3;43,3;42,3;42,9;470870
2004-12-09;41,6;42,5;41,2;42,3;533360
2004-12-08;41,6;41,9;40,8;41,7;806005
2004-12-07;42,8;43,4;41,6;42,2;803592
2004-12-06;42;42,7;40,6;42,7;1390544
2004-12-03;43,6;43,6;42,3;42,6;1033366
2004-12-02;44,8;45;43,7;44,1;736760
2004-12-01;45,3;45,9;45,1;45,4;606412
2004-11-30;44,6;45,5;44,4;45,5;564609
2004-11-29;44,8;45,4;44;44,8;565974
2004-11-26;45,4;45,4;44,6;44,8;306622
2004-11-25;45,3;45,5;45,1;45,4;418544
2004-11-24;45,8;45,8;44,9;45,3;630347
2004-11-23;46,3;46,4;45,4;45,8;559544
2004-11-22;45,7;46,5;45,7;46,1;405546
2004-11-19;44,8;45,5;44,6;45,5;590050
2004-11-18;44,8;45,6;44,6;44,8;788040
2004-11-17;45,9;46,3;44,5;44,8;1424365
2004-11-16;45,5;46,6;44,1;45,8;1503170
2004-11-15;46,3;47,5;46,3;47,5;705009
2004-11-12;47;47,1;45;45,9;815111
2004-11-11;47,1;47,4;46,7;47;450648
2004-11-10;45,8;47,2;45,7;47;696284
2004-11-09;45,1;45,6;44,6;45,6;501548
2004-11-08;44,5;45;44,5;44,9;352844
2004-11-05;45,4;45,4;44,1;44,1;223102
2004-11-04;46,2;46,6;45,5;45,5;381608
2004-11-03;44,5;46,3;44,5;45,7;572126
2004-11-02;43,9;45;43,5;43,9;439743
2004-11-01;44;45;43,7;44,5;448288
2004-10-29;44,5;44,5;43,2;44,1;547510
2004-10-28;44,9;44,9;44,1;44,5;565380
2004-10-27;46,4;46,9;45,3;45,4;521897
2004-10-26;47,2;47,2;46,3;46,4;257910
2004-10-25;47,5;47,9;46,4;47,6;590630
2004-10-22;46,3;47,5;45,8;46,9;653216
2004-10-21;48,5;48,9;45;45,9;1292319
2004-10-20;47,8;48,2;47,4;47,7;465586
2004-10-19;48,9;48,9;47,6;48,1;1257320
2004-10-18;49,2;49,8;49,2;49,2;1214117
2004-10-15;49,4;49,5;48,2;48,9;682689
2004-10-14;47,5;50;47,4;49,2;2058478
2004-10-13;48,2;48,8;47,2;47,4;1130540
2004-10-12;49,2;49,4;47,6;48,4;1393635
2004-10-11;47,2;49,4;47,2;49,1;1484348
2004-10-08;46,3;47,3;45,7;46,9;1699748
2004-10-07;44,3;46,2;44,3;46,2;1602240
2004-10-06;44;44,1;43,6;43,9;550644
2004-10-05;44,2;44,2;43,3;44;398328
2004-10-04;43,9;44,2;43,7;44;488412
2004-10-01;43,3;43,8;43,1;43,8;277166
2004-09-30;43,9;43,9;42,7;42,9;589765
2004-09-29;44;44,5;43,8;44,2;1249182
2004-09-28;42,7;44,4;42,7;44;2393648
2004-09-27;41,1;42,3;41;42,3;756312
2004-09-24;40,8;41,3;40,7;40,8;450683
2004-09-23;41,4;41,5;40,5;40,8;509208
2004-09-22;41,7;41,8;41,1;41,3;466862
2004-09-21;41;41,6;40,8;41,5;380428
2004-09-20;40,7;41,2;40,6;41,1;335118
2004-09-17;40;40,5;40;40,5;184036
2004-09-16;40,3;40,9;39,8;40,3;457257
2004-09-15;41;41,5;40,5;40,8;421817
2004-09-14;41,3;41,4;40,9;41;540672
2004-09-13;41;41,7;40,5;41,3;820362
2004-09-10;40;41,6;39,8;41;1616924
2004-09-09;39,4;39,9;39,3;39,8;376132
2004-09-08;40,5;40,6;39,1;39,3;725855
2004-09-07;39;40,2;39;40,2;1245658
2004-09-06;38,4;39;38;38,9;456536
2004-09-03;38,6;38,6;38;38,4;454101
2004-09-02;38,1;38,7;37,6;38,5;927079
2004-09-01;37,5;37,8;37,1;37,6;882761
2004-08-31;38,4;38,4;37,2;37,3;1166739
2004-08-30;38,2;38,9;38;38,7;760890
2004-08-27;38,7;38,7;36,3;37,8;4912443
2004-08-26;40,5;40,6;38,4;38,6;1638089
2004-08-25;41,7;41,7;40,4;40,5;395913
2004-08-24;41,9;42,3;41,7;41,8;192642
2004-08-23;43,1;43,1;41,8;41,8;468546
2004-08-20;41,8;43,1;41,8;42,9;415286
2004-08-19;42;42;41,7;41,7;169655
2004-08-18;42,3;42,3;41,6;41,8;313268
2004-08-17;42,7;43,3;41,2;42,1;1185367
2004-08-16;42,2;43,5;42;43;1578102
2004-08-13;41,1;41,4;40,6;41,2;437190
2004-08-12;41;41,5;40,9;41,1;285083
2004-08-11;41;41,1;40,7;40,8;268714
2004-08-10;40,8;41,3;40,6;40,8;343257
2004-08-09;41,3;41,3;39,7;40,7;371660
2004-08-06;42,1;42,5;40,4;40,7;573367
2004-08-05;40,9;42,2;40,9;41,7;869630
2004-08-04;40,8;41;40,4;40,7;477319
2004-08-03;40;40,4;39,8;40;797229
2004-08-02;39;40,7;39;39,7;1421366
2004-07-30;39,1;39,2;37,6;38,6;2672658
2004-07-29;40,2;40,5;39,2;39,4;893991
2004-07-28;41,2;41,4;39,7;40;778549
2004-07-27;41,1;41,1;40,5;40,8;588610
2004-07-26;40,1;41,2;40,1;40,8;225940
2004-07-23;40,6;40,7;39,9;40,2;177940
2004-07-22;41,8;41,8;40,6;40,6;223508
2004-07-21;40,8;41,5;40,8;41,3;241402
2004-07-20;39,9;40,8;39,5;40,8;657727
2004-07-19;41;41,1;39,7;39,9;358143
2004-07-16;41,7;42,4;40,4;40,9;419080
2004-07-15;43,2;43,8;41,5;41,6;449672
2004-07-14;42,2;43,2;42,2;42,9;652165
2004-07-13;41,8;42,4;41,7;42,1;570230
2004-07-12;40,3;41,9;40,3;41,5;470056
2004-07-09;39,1;41,4;39,1;40,3;944540
2004-07-08;40,1;40,2;39;39,5;1184404
2004-07-07;41,4;41,5;40,1;40,1;274504
2004-07-06;41,7;41,7;40,8;41,2;493142
2004-07-05;42,5;42,8;41;41,3;875506
2004-07-02;42,5;43,4;42;42;2239267
2004-07-01;39,6;43,4;38,7;43,4;5624483
2004-06-30;42;43,5;40;40;4960743
2004-06-29;48,7;48,8;46;47;1300357
2004-06-28;47,3;49,5;47,3;49,4;1431246
2004-06-25;47,2;47,2;47,2;47,2;I/T
2004-06-24;44,8;47,2;44,8;47,2;850229
2004-06-23;43;44,5;43;44,2;462339
2004-06-22;42,9;43,3;42,7;43;210558
2004-06-21;42,9;43,5;42,8;43;242065
2004-06-18;43,1;43,5;42,2;42,9;779635
2004-06-17;40;42,9;40;42,7;1796585
2004-06-16;39,7;40;39,6;40;311581
2004-06-15;40,7;41;38,7;40;856470
2004-06-14;41,6;41,8;40,7;40,8;512967
2004-06-11;41,5;42,1;41,3;41,5;305867
2004-06-10;41,4;41,6;41,2;41,5;1405530
2004-06-09;41,7;41,8;41,4;41,5;836365
2004-06-08;41,4;42;41,1;41,9;507844
2004-06-07;41;42,2;40,8;41,5;445687
2004-06-04;42;42,9;41,3;42;799514
2004-06-03;42,6;42,6;41,8;42;1721514
2004-06-02;44,1;44,2;43,2;43,3;2082980
2004-06-01;43,5;44,4;42,6;44,3;3508561
2004-05-31;42,6;42,6;42,6;42,6;I/T
2004-05-28;40,8;42,6;40,4;42,6;6697194
2004-05-27;40,3;40,8;39,9;40,5;1296440
2004-05-26;39,7;40,3;39,3;40,3;1279618
2004-05-25;39,4;39,8;38,8;39,4;1053150
2004-05-24;0,3;39,1;38,4;39;522105
2004-05-21;38,6;39;38,3;38,7;691789
2004-05-20;38,1;38,1;38,1;38,1;I/T
2004-05-19;39,3;39,3;38,1;38,1;847298
2004-05-18;37,6;39,1;36,7;38;1603741
2004-05-17;39;39,4;37,5;37,9;1020844
2004-05-14;39,6;39,8;38,7;38,7;521750
2004-05-13;39,4;39,7;38,6;39,4;1324044
2004-05-12;38,9;40;38,5;38,8;2538113
2004-05-11;35;37,8;33,1;37,8;1788764
2004-05-10;38,4;38,6;34,4;34,4;980433
2004-05-07;37,9;38,4;37,7;38,2;425178
2004-05-06;38,1;38,2;37,4;37,9;347799
2004-05-05;37,7;38,3;37,2;37,6;510216
2004-05-04;36,9;37,4;36,8;37,4;261939
2004-05-03;36,2;36,9;36,2;36,8;235405
2004-04-30;36,9;37,3;36;36,1;597170
2004-04-29;37,9;39;35,7;37,3;943212
2004-04-28;37,6;38,2;37,5;37,9;264224
2004-04-27;38,7;38,8;37,2;37,5;506008
2004-04-26;38,2;38,7;37,9;38,7;378779
2004-04-23;36,4;38,1;35,9;37,7;625107
2004-04-22;37,4;37,5;36,1;36,7;524259
2004-04-21;37,3;37,7;37;37,2;706291
2004-04-20;38,3;39;36,9;37,2;1217886
2004-04-19;36,8;38,5;36,8;38;1397771
2004-04-16;35,6;37,2;35,4;36,6;1422340
2004-04-15;36;36,3;34,9;35,5;494025
2004-04-14;34,5;36,2;33,9;35,8;2037932
2004-04-13;33,5;34,5;33,5;34,4;824857
2004-04-12;33,3;33,7;32,9;33,4;376898
2004-04-08;33,3;33,7;32,9;33,4;376898
2004-04-07;32,2;33,5;32,2;33,4;534995
2004-04-06;32;32,5;32;32,3;260190
2004-04-05;32,6;32,6;32;32;240520
2004-04-02;32,1;32,8;31,8;32,6;396705
2004-04-01;33;33;32;32,2;237453
2004-03-31;32,3;32,9;32,2;32,9;351644
2004-03-30;32;32,4;31,5;32,4;161347
2004-03-29;32,4;32,4;31,5;31,9;127908
2004-03-26;32,4;32,6;31,8;32;247431
2004-03-25;33;33,2;31,7;32,1;560416
2004-03-24;32,9;33,4;32,9;32,9;610715
2004-03-23;31,7;32,9;31,7;32,8;446193
2004-03-22;31,7;32;31,1;32;360261
2004-03-19;32,6;32,8;31,6;31,8;402499
2004-03-18;32,3;32,8;32,2;32,3;782876
2004-03-17;31,7;32;31,7;32;373235
2004-03-16;30,6;31,5;30,6;31,5;288136
2004-03-15;30,4;31,2;30;30,6;442805
2004-03-12;30,3;31,9;29,9;30,5;990542
2004-03-11;31,6;31,6;29,9;31;1048656
2004-03-10;31,8;32,1;31,6;31,9;528524
2004-03-09;33,7;33,7;32,5;32,5;703056
2004-03-08;32,6;33,9;32,4;33,8;2187726
2004-03-05;30,4;31,6;30,3;31,6;670844
2004-03-04;30,8;30,8;30,1;30,4;327373
2004-03-03;31,3;31,4;30,6;30,8;465713
2004-03-02;31,8;32;31,3;31,5;658147
2004-03-01;31,3;32;31,3;31,5;941746
2004-02-27;30,1;31,4;29,9;30,9;1381369
2004-02-26;28,6;30,3;28,5;29,8;1359881
2004-02-25;29,5;29,5;27,8;28,5;718670
2004-02-24;30;30,1;28,6;29,3;1525209
2004-02-23;30,1;30,2;29;29,4;820666
2004-02-20;30,1;30,2;29,5;30;769859
2004-02-19;30;30,3;29,7;30,2;253388
2004-02-18;30,3;30,4;29,9;30,1;393642
2004-02-17;30,5;30,5;30;30,3;408329
2004-02-16;30;30,4;29,9;30,1;707566
2004-02-13;29,5;30;29,4;29,9;283499
2004-02-12;29,8;29,8;29,2;29,6;376146
2004-02-11;30;30;29,5;29,8;449070
2004-02-10;30,5;30,5;29,6;30;852960
2004-02-09;29,5;30,3;29,5;30,1;965084
2004-02-06;29;29,6;29;29;697176
2004-02-05;29,6;29,7;28,9;29,1;687659
2004-02-04;30,5;30,6;29,7;29,9;709718
2004-02-03;30,7;31,3;30,4;30,7;698776
2004-02-02;30,8;30,8;26;30,8;1192293
2004-01-30;31,9;32,1;30,7;31;799168
2004-01-29;32,5;32,7;31,3;31,8;516204
2004-01-28;32,1;32,8;32;32,6;599882
2004-01-27;32,7;32,7;32,1;32,5;504800
2004-01-26;32;32,7;31,4;32,3;714596
2004-01-23;32,6;33,4;31,8;32;1611716
2004-01-22;31,7;32,6;31,7;32,3;1412167
2004-01-21;29,2;31;28,7;30,8;1055123
2004-01-20;30;30;28,7;29,3;815622
2004-01-19;31;31,2;29,6;30;955466
2004-01-16;30,9;31,7;30,2;30,7;788574
2004-01-15;31;31,9;30,4;30,8;1311660
2004-01-14;31;32,5;30,7;31;2229303
2004-01-13;29,3;31;29,3;30,6;1843910
2004-01-12;27,7;28,8;26;28,8;3842912
2004-01-09;30,7;30,7;28;28,6;3246827
2004-01-08;32,6;32,6;30;30,9;4040408
2004-01-07;33;33,6;32,1;32,3;923655
2004-01-06;33;33;32;33;827696
2004-01-05;33;33;32;33;827825
2004-01-02;33,6;35;32,8;33,2;1368586
2004-01-01;31,2;34,6;31,2;34,3;2421296
2003-12-31;34,3;34,6;31,2;34,3;2436296
2003-12-30;31,2;34,6;31,2;34,3;2436296
2003-12-29;28,6;31,6;28,6;31;869557
2003-12-26;29,3;29,3;28,8;28,9;542607
2003-12-23;29,3;29,3;28,8;28,9;567607
2003-12-22;29,5;29,5;28,6;29,3;800730
2003-12-19;29,3;29,5;28,6;29,4;2370837
2003-12-18;27,5;28,9;27,3;28,5;1934778
2003-12-17;27,2;27,9;27;27,4;799154
2003-12-16;27,5;27,8;26,9;27;871359
2003-12-15;26,1;27,8;26,1;27,5;1168731
2003-12-12;25,2;26,1;25,2;25,9;401789
2003-12-11;25,3;25,4;24,5;25;868434
2003-12-10;26,4;26,4;25,4;25,4;572186
2003-12-09;26,4;26,7;26;26,3;629186
2003-12-08;26,9;27,6;25,5;26;957849
2003-12-05;26,7;28,2;26,6;26,8;1569544
2003-12-04;25,4;26,9;25,4;26,5;1325316
2003-12-03;24;25,7;24;25,4;818913
2003-12-02;23,3;24,6;23,3;24;1154001
2003-12-01;23;23,6;23;23,2;275419
2003-11-28;22,9;23,1;22,9;23;493948
2003-11-27;22,8;22,9;22,6;22,8;374540
2003-11-26;22,9;22,9;22,6;22,7;253251
2003-11-25;23;23,1;22,6;23;295113
2003-11-24;22,9;23,1;22,5;23;388323
2003-11-21;22;22,5;21,8;22,5;511031
2003-11-20;22,2;22,5;21,7;21,9;796455
2003-11-19;22,5;22,5;21,5;21,9;713496
2003-11-18;23,5;23,5;22,8;22,8;687541
2003-11-17;22,2;23,7;22,2;23,4;1013868
2003-11-14;21,9;22,3;21,9;22;1047480
2003-11-13;22;22;21,4;21,8;1172563
2003-11-12;21,3;21,4;21,1;21,3;766803
2003-11-11;21,2;21,3;20,9;21,2;367055
2003-11-10;20,8;21,1;20;20,8;344322
2003-11-07;20;20,8;19,9;20;827610
2003-11-06;20,9;21,5;19,7;20,9;826828
2003-11-05;21,3;22;21;21,3;1130069
2003-11-04;20,9;20,9;20,3;20,9;939760
2003-11-03;20;20,1;18,9;20;693555
2003-10-31;18,8;19;18;18,8;514835
2003-10-30;18,1;18,1;17,9;18,1;480707
2003-10-29;17,9;18,1;17,8;17,9;721029
2003-10-28;17,7;17,8;17,6;17,7;243071
2003-10-27;17,6;17,7;17,3;17,6;527550
2003-10-24;17,6;17,6;17,3;17,6;221780
2003-10-23;17,4;17,5;17,2;17,4;197890
2003-10-22;17,5;17,7;17,4;17,5;423587
2003-10-21;17,6;17,6;17,5;17,6;297073
2003-10-20;17,5;17,6;17,3;17,5;541368
2003-10-17;17,3;17,3;17,1;17,3;398442
2003-10-16;17,1;17,2;16,8;17,1;208435
2003-10-15;17,1;17,3;16,8;17,1;233837
2003-10-14;17,2;17,2;17;17,2;174404
2003-10-13;16,9;17,5;16,9;16,9;308645
2003-10-10;17,4;17,7;17,3;17,4;274450
2003-10-09;17,6;17,6;17,1;17,6;523550
2003-10-08;17,1;17,2;16,9;17,1;392670
2003-10-07;16,9;16,9;16,3;16,9;408292
2003-10-06;16,7;17;16,4;16,7;471652
2003-10-03;16,7;17,1;16,6;16,7;279728
2003-10-02;17;17,3;16,8;17;306898
2003-10-01;16,6;16,9;16,5;16,6;723415
2003-09-30;16,6;17,5;16,3;16,6;444598
2003-09-29;17,1;17,1;16,8;17,1;201652
2003-09-26;16,9;17,1;16,7;16,9;297771
2003-09-25;17;17,4;16,6;17;565215
2003-09-24;16,4;16,5;16,1;16,4;394850
2003-09-23;16,2;16,2;15,4;16,2;549930
2003-09-22;15,8;16,3;15,2;15,8;582510
2003-09-19;16,5;16,7;16,5;16,5;267326
2003-09-18;16,9;17,1;16,7;16,9;389682
2003-09-17;17,2;17,4;16,4;17,2;526703
2003-09-16;17,27;17,4;17,1;17,27;415334
2003-09-15;17,2;17,2;16,9;17,2;329932
2003-09-12;17,1;17,4;16,8;17,1;681860
2003-09-11;16,7;16,7;16,3;16,7;179308
2003-09-10;16,6;16,6;16,4;16,6;308017
2003-09-09;16,6;16,7;16,3;16,6;954206
2003-09-08;16;16,1;15,5;16;574745
2003-09-05;15,4;15,4;14,8;15,4;645585
2003-09-04;15,2;15,8;15;15,2;538761
2003-09-03;15,7;16;15,5;15,7;491290
2003-09-02;15,6;16,3;14,8;15,6;1107766
2003-09-01;16,2;16,5;16;16,2;535364
2003-08-29;16,4;17,1;16;16,4;907870
2003-08-28;16,8;17,2;16;16,8;1643267
2003-08-27;15,8;15,8;15,5;15,8;641891
2003-08-26;15,5;15,7;14,8;15,5;1106264
2003-08-25;14,8;15;14,6;14,8;649403
2003-08-22;14,5;14,6;14,4;14,5;404164
2003-08-21;14,5;14,7;14,2;14,5;795580
2003-08-20;14,2;14,2;13,9;14,2;659744
2003-08-19;13,8;13,8;13,5;13,8;384951
2003-08-18;13,7;14,3;13,5;13,7;817017
2003-08-15;14,1;14,3;13,9;14,1;576369
2003-08-14;13,9;14;13,7;13,9;667572
2003-08-13;13,6;13,6;13,1;13,6;429536
2003-08-12;13,3;13,5;13,1;13,3;357474
2003-08-11;13,3;13,6;13;13,3;509857
2003-08-08;13,6;13,6;13,4;13,6;296700
2003-08-07;13,3;13,3;12,9;13,3;296839
2003-08-06;12,9;13;12,5;12,9;246200
2003-08-05;12,8;12,8;12,5;12,8;365411
2003-08-04;12,5;12,7;12,4;12,5;275666
2003-08-01;12,4;12,9;12,3;12,4;624167
2003-07-31;12,2;12,3;12,1;12,2;175507
2003-07-30;12,2;12,3;12;12,2;375075
2003-07-29;12,2;12,3;12,1;12,2;71320
2003-07-28;12,3;12,5;12,1;12,3;186960
2003-07-25;12,2;12,3;12;12,2;95064
2003-07-24;12,1;12,3;12,1;12,1;115065
2003-07-23;12,2;12,4;12,2;12,2;180680
2003-07-22;12,2;12,4;12,1;12,2;197677
2003-07-21;12,4;12,5;12,3;12,4;190026
2003-07-18;12,3;12,5;12,1;12,3;203261
2003-07-17;12,5;12,9;11,8;12,5;1442047
2003-07-16;12;12;11,5;12;339200
2003-07-15;11,5;11,5;11,3;11,5;120550
2003-07-14;11,3;11,4;11;11,3;185096
2003-07-11;11,3;11,4;11;11,3;1068398
2003-07-10;10,8;11;10,8;10,8;105750
2003-07-09;11;11;10,9;11;88614
2003-07-08;11;11;10,9;11;327278
2003-07-07;11;11;10,9;11;102551
2003-07-04;11;11,1;10,9;11;125000
2003-07-03;11;11,2;10,8;11;341599
2003-07-02;11,1;11,1;10,8;11,1;214252
2003-07-01;11,1;11,5;10,6;11,1;343700
2003-06-30;10,6;10,7;10,4;10,6;139798
2003-06-27;10,5;10,5;10,4;10,5;167700
2003-06-26;10,5;10,5;10,3;10,5;126412
2003-06-25;10,3;10,4;10,1;10,3;154147
2003-06-24;10,3;10,4;10,2;10,3;276521
2003-06-23;10,3;10,6;10,1;10,3;454957
2003-06-20;10,1;10,2;10,1;10,1;94125
2003-06-19;10,1;10,2;10,1;10,1;89125
2003-06-18;10,2;10,2;10;10,2;114500
2003-06-17;10;10,1;9,95;10;83090
2003-06-16;10,1;10,1;9,95;10,1;339400
2003-06-13;10,1;10,1;10;10,1;151100
2003-06-12;10;10,1;10;10;155620
2003-06-11;10,1;10,1;10;10,1;101500
2003-06-10;10,1;10,2;9,95;10,1;658655
2003-06-09;10;10,2;10;10,2;137850
2003-06-06;10,2;10,2;10;10,2;137850
2003-06-05;10;10,3;10;10;133958
2003-06-04;10;10,3;10;10;97422
2003-06-03;10,2;10,2;10,1;10,2;2472217
2003-06-02;10,2;10,2;10;10,2;551847
2003-05-30;10;10,2;10;10;145208
2003-05-29;10,2;10,2;9,9;10;180400
2003-05-28;10;10,2;9,9;10;179400
2003-05-27;10,2;10,2;9,95;10,2;613689
2003-05-26;9,8;10,2;9,65;9,8;108100
2003-05-23;10,2;10,2;10;10,2;128959
2003-05-22;10,2;10,3;10;10,2;119300
2003-05-21;10,1;10,2;9,95;10,1;296000
2003-05-20;10,3;10,4;10,1;10,3;108911
2003-05-19;10,4;10,6;10,3;10,4;352919
2003-05-16;10,5;10,5;10,2;10,5;354100
2003-05-15;10,4;10,5;10,3;10,4;437785
2003-05-14;10,3;10,3;10,1;10,3;139684
2003-05-13;10,3;10,3;10;10,3;204809
2003-05-12;10;10;9,9;10;213836
2003-05-09;10;10,1;9,9;10;221075
2003-05-08;9,95;10;9,9;9,95;183174
2003-05-07;10,1;10,2;9,95;10,1;383381
2003-05-06;9,95;10,3;9,95;9,95;280588
2003-05-05;10,3;10,4;10,2;10,3;586662
2003-05-02;10,4;10,5;10,2;10,4;363400
2003-04-30;10,5;10,5;10,2;10,5;544939
2003-04-29;10,4;10,4;10,1;10,4;585319
2003-04-28;10,2;11;9,75;10,2;933875
2003-04-25;9,6;9,6;9,4;9,6;311533
2003-04-24;9,4;9,4;9,15;9,4;159039
2003-04-23;9,2;9,35;9,2;9,2;116900
2003-04-22;9,35;9,4;9,2;9,35;86697
2003-04-21;9,05;9,3;8,95;9,25;267217
2003-04-17;9,25;9,3;8,95;9,25;267217
2003-04-16;9,05;9,05;8,85;9,05;231149
2003-04-15;8,95;9,05;8,85;8,95;287100
2003-04-14;8,95;9;8,85;8,95;96970
2003-04-11;8,8;8,9;8,6;8,8;236301
2003-04-10;8,7;8,75;8,6;8,7;99026
2003-04-09;8,65;8,8;8,55;8,65;78100
2003-04-08;8,75;9;8,65;8,75;321925
2003-04-07;8,9;9;8,75;8,9;1259880
2003-04-04;9;9,25;8,8;9;379380
2003-04-03;8,8;8,8;8,55;8,8;176350
2003-04-02;9,05;9,2;8,8;9,05;277397
2003-04-01;9,2;9,3;9,2;9,2;227500
2003-03-31;9,35;9,45;9,2;9,35;148065
2003-03-28;9,4;9,4;9;9,4;330800
2003-03-27;9,1;9,1;8,9;9,1;322260
2003-03-26;8,9;9;8,7;8,9;263503
2003-03-25;8,85;8,9;8,75;8,85;160629
2003-03-24;8,85;8,85;8,2;8,85;336635
2003-03-21;8,45;8,6;8,3;8,45;242221
2003-03-20;8,6;8,7;8,25;8,6;180998
2003-03-19;8,6;8,8;8,5;8,6;305650
2003-03-18;8,75;9,05;8,75;8,75;462169
2003-03-17;9,05;9,2;8,55;9,05;838586
2003-03-14;8,55;8,55;8,2;8,55;867900
2003-03-13;8,25;8,25;8;8,25;466604
2003-03-12;8,1;8,15;8;8,1;443217
2003-03-11;8,1;8,25;8;8,1;223846
2003-03-10;8,25;8,45;8;8,25;652829
2003-03-07;8;8;7,35;8;336569
2003-03-06;8;8,15;7,9;8;203780
2003-03-05;8,15;8,3;8,05;8,15;142600
2003-03-04;8,3;8,5;8,25;8,3;100000
2003-03-03;8,5;8,5;8,35;8,5;64241
2003-02-28;8,35;8,7;8,35;8,35;120200
2003-02-27;8,5;8,5;8,25;8,5;112340
2003-02-26;8,25;8,55;8,25;8,25;98000
2003-02-25;8,55;8,65;8,4;8,55;86310
2003-02-24;8,55;8,6;8,5;8,55;93436
2003-02-21;8,55;8,55;8,4;8,55;74100
2003-02-20;8,5;8,55;8,35;8,5;115067
2003-02-19;8,55;8,55;8,4;8,55;202200
2003-02-18;8,4;8,6;8,4;8,4;76610
2003-02-17;8,55;8,6;8,3;8,55;135430
2003-02-14;8,5;8,7;8,5;8,5;130659
2003-02-13;8,65;8,75;8,5;8,65;98350
2003-02-12;8,75;8,75;8,5;8,75;144457
2003-02-11;8,6;8,75;8,55;8,6;89500
2003-02-10;8,75;8,75;8,45;8,75;181890
2003-02-07;8,7;8,7;8,45;8,7;145795
2003-02-06;8,6;8,7;8,35;8,6;131285
2003-02-05;8,25;8,45;8;8,25;152772
2003-02-04;8,25;8,25;7,85;8,25;96300
2003-02-03;8,05;8,1;7,9;8,05;80908
2003-01-31;8,05;8,3;8;8,05;97700
2003-01-30;8,35;8,5;7,7;8,35;219815
2003-01-29;7,7;8,1;7,5;7,7;200521
2003-01-28;8,15;8,25;7,9;8,15;167510
2003-01-27;8,2;8,35;7,85;8,2;228173
2003-01-24;8,45;8,6;8,25;8,45;186420
2003-01-23;8,65;9;8,55;8,65;194086
2003-01-22;9;9,1;8,8;9;191281
2003-01-21;9;9,1;8,9;9;86250
2003-01-20;9;9,1;8,8;9;64340
2003-01-17;9,05;9,15;8,9;9,05;243850
2003-01-16;9,1;9,2;8,8;9,1;453500
2003-01-15;8,7;9,05;8,7;8,7;331584
2003-01-14;8,9;8,9;8,7;8,9;222987
2003-01-13;8,7;8,9;8,7;8,7;260205
2003-01-10;8,95;9;8,75;8,95;145221
2003-01-09;8,75;8,85;8,65;8,75;181700
2003-01-08;8,85;8,9;8,6;8,85;132920
2003-01-07;8,7;8,9;8,65;8,7;161336
2003-01-06;9;9;8,7;8,9;I/T
2003-01-03;8,9;9;8,7;8,9;282570
2003-01-02;9,05;9,25;8,6;9,05;324981
2003-01-01;9;9,25;8,8;9,2;1053325
2002-12-30;9,2;9,25;8,8;9,2;1052325
2002-12-27;8,8;8,9;8,2;8,8;826062
2002-12-23;8,25;8,5;8,05;8,25;507765
2002-12-20;8,45;8,6;8,4;8,45;422110
2002-12-19;8,55;8,75;8,35;8,55;521382
2002-12-18;8,75;9,3;8,4;8,75;908969
2002-12-17;9,2;9,8;9,1;9,2;834641
2002-12-16;9,3;9,9;9;9,3;1004579
2002-12-13;9;9,25;8,8;9;1011494
2002-12-12;8,8;9,3;8,2;8,8;1093572
2002-12-11;8,25;8,3;7,7;8,25;1290553
2002-12-10;7,75;7,9;7,55;7,75;392059
2002-12-09;7,65;7,65;7,55;7,65;225727
2002-12-06;7,5;7,65;7,45;7,5;215174
2002-12-05;7,55;7,6;7,45;7,55;211185
2002-12-04;7,5;7,75;7,45;7,5;356598
2002-12-03;7,75;7,85;7,6;7,75;615279
2002-12-02;7,6;7,75;7,35;7,6;821444
2002-11-29;7,1;7,25;7,05;7,1;192932
2002-11-28;7,15;7,25;7,1;7,15;202821
2002-11-27;7,2;7,2;7;7,2;213010
2002-11-26;7,25;7,35;7;7,25;136406
2002-11-25;7,3;7,45;7,2;7,3;675875
2002-11-22;7,25;7,45;7;7,25;307836
2002-11-21;7,3;7,5;7,1;7,3;717112
2002-11-20;7,25;7,3;6,5;7,25;924333
2002-11-19;6,45;6,65;6,4;6,45;218048
2002-11-18;6,6;6,7;6,4;6,6;346625
2002-11-15;6,4;6,5;5,8;6,4;1056035
2002-11-14;6,15;6,25;6;6,15;688581
2002-11-13;6,25;6,3;6,2;6,25;99134
2002-11-12;6,2;6,2;6,1;6,2;58650
2002-11-11;6,2;6,25;6;6,2;57688
2002-11-08;6,1;6,2;6;6,1;96312
2002-11-07;6,15;6,2;6,05;6,15;123100
2002-11-06;6,15;6,15;6;6,15;113064
2002-11-05;6,15;6,25;6,05;6,15;100947
2002-11-04;6,2;6,25;6,1;6,2;82180
2002-11-01;6,1;6,25;6,1;6,1;31043
2002-10-31;6,2;6,2;6,05;6,2;102440
2002-10-30;6,1;6,25;6;6,1;222832
2002-10-29;6,1;6,2;6,05;6,1;175298
2002-10-28;6,15;6,2;6;6,15;306688
2002-10-25;6,25;6,25;6,2;6,25;80500
2002-10-24;6,25;6,3;6,2;6,25;104400
2002-10-23;6,2;6,35;6,1;6,2;104700
2002-10-22;6,3;6,4;6,3;6,3;90880
2002-10-21;6,4;6,5;6,2;6,4;565000
2002-10-18;6,35;6,4;6,25;6,35;152700
2002-10-17;6,4;6,45;6,3;6,4;167640
2002-10-16;6,5;6,5;6,4;6,5;85669
2002-10-15;6,5;6,5;6,35;6,5;111526
2002-10-14;6,5;6,5;6,45;6,5;71148
2002-10-11;6,4;6,4;6,15;6,4;1076464
2002-10-10;6,1;6,4;6;6,1;149426
2002-10-09;6,45;6,5;6,15;6,45;161467
2002-10-08;6,45;6,6;6,15;6,45;90263
2002-10-07;6,6;6,65;6,55;6,6;103550
2002-10-04;6,7;6,7;6,65;6,7;135500
2002-10-03;6,7;6,8;6,65;6,7;150300
2002-10-02;6,8;6,8;6,5;6,8;439016
2002-10-01;6,4;6,45;6,35;6,4;216896
2002-09-30;6,4;7;6,2;6,4;505252
2002-09-27;6;6,1;6;6;326616
2002-09-26;6;6,1;5,9;6;192280
2002-09-25;6;6,1;6;6;215235
2002-09-24;5,8;6,1;5,8;5,8;400418
2002-09-23;5,8;6,2;5,8;5,8;289320
2002-09-20;6,2;6,2;5,25;6,2;826001
2002-09-19;5,5;6,1;5,5;5,5;185163
2002-09-18;6,1;6,1;5,6;6,1;315481
2002-09-17;5,85;6;5,8;5,85;377620
2002-09-16;6;6,1;5,85;6;153000
2002-09-13;6;6,05;6;6;119779
2002-09-12;6;6,1;6;6;99700
2002-09-11;6,15;6,15;6;6,15;115514
2002-09-10;6,1;6,2;6,05;6,1;31909
2002-09-09;6,05;6,25;6,05;6,05;97000
2002-09-06;6;6,1;6;6,1;691950
2002-09-05;6,1;6,35;6;6,1;186483
2002-09-04;6,1;6,1;5,2;6,1;747686
2002-09-03;5,4;6,3;5,4;5,4;419703
2002-09-02;6,6;6,65;6,35;6,6;164000
2002-08-30;6,55;6,6;6,5;6,55;143083
2002-08-29;6,5;6,8;6,5;6,5;245349
2002-08-28;6,8;6,8;6,7;6,8;213486
2002-08-27;6,85;6,9;6,7;6,85;246399
2002-08-26;6,9;7;6,5;6,9;443850
2002-08-23;6,75;6,95;6,5;6,75;520882
2002-08-22;6,5;6,5;6;6,5;438946
2002-08-21;6,05;6,1;5,9;6,05;281029
2002-08-20;6,1;6,1;5,9;6,1;175955
2002-08-19;5,95;6,15;5,95;5,95;197429
2002-08-16;6,15;6,15;5,95;6,15;487248
2002-08-15;6,1;6,1;5,85;6,1;331873
2002-08-14;5,85;5,85;5,7;5,85;278550
2002-08-13;5,8;5,8;5,7;5,8;158054
2002-08-12;5,75;5,75;5,65;5,75;71428
2002-08-09;5,8;5,8;5,55;5,8;242900
2002-08-08;5,7;5,75;5,3;5,7;148714
2002-08-07;5,5;5,8;5,25;5,5;108800
2002-08-06;5,75;5,85;5,5;5,75;268692
2002-08-05;5,65;5,9;5,6;5,65;222600
2002-08-02;5,75;5,75;5,5;5,75;182900
2002-08-01;5,6;5,65;5,5;5,6;73718
2002-07-31;5,5;5,7;5,45;5,5;615300
2002-07-30;5,6;5,6;5,4;5,6;174300
2002-07-29;5,3;5,5;5,2;5,3;109750
2002-07-26;5,5;5,6;5,3;5,5;248280
2002-07-25;5,5;5,65;5,1;5,5;351160
2002-07-24;5,15;5,4;4,85;5,15;502826
2002-07-23;5,6;6;5,25;5,6;322650
2002-07-22;5,95;6,15;5,4;5,95;676944
2002-07-19;6;6,1;5,8;6;375260
2002-07-18;6,1;6,15;5,5;6,1;904943
2002-07-17;5,6;5,8;5,1;5,6;638563
2002-07-16;5,05;5,1;5;5,05;213500
2002-07-15;5;5,05;4,85;5;143650
2002-07-12;5;5;4,9;5;318701
2002-07-11;4,99;5;4,9;4,99;112000
2002-07-10;4,99;5,1;4,8;4,99;788955
2002-07-09;5,15;5,15;4,99;5,15;250200
2002-07-08;5,05;5,2;4,74;5,05;384600
2002-07-05;4,72;4,74;4,55;4,72;367668
2002-07-04;4,5;4,55;4,44;4,5;400900
2002-07-03;4,2;4,45;4,15;4,2;189170
2002-07-02;4,45;4,45;4,35;4,45;165700
2002-07-01;4,35;4,4;4,2;4,35;119800
2002-06-28;4,4;4,5;4,3;4,4;255004
2002-06-27;4,39;4,4;4,1;4,39;121875
2002-06-26;4;4;3,7;4;172100
2002-06-25;4,1;4,25;3,7;4,1;171930
2002-06-24;3,9;4,6;3,8;3,9;315975
2002-06-21;4,56;4,69;4,5;4,56;32000
2002-06-20;4,56;4,69;4,5;4,56;1543041
2002-06-19;4,5;4,65;4,5;4,5;186000
2002-06-18;4,58;4,6;4,5;4,58;73290
2002-06-17;4,5;4,74;4,49;4,5;79626
2002-06-14;4,74;4,9;4,46;4,74;2163597
2002-06-13;4,5;4,55;4,41;4,5;852380
2002-06-12;4,48;4,49;4,41;4,48;658707
2002-06-11;4,49;4,5;4,42;4,49;894357
2002-06-10;4,5;4,53;4,35;4,5;1451290
2002-06-07;4,5;4,55;4,35;4,5;893006
2002-06-06;4,6;4,6;4,46;4,58;427604
2002-06-05;4,5;4,7;4,5;4,5;856790
2002-06-04;4,67;4,7;4,6;4,67;808864
2002-06-03;4,71;4,75;4,6;4,71;1023315
2002-05-31;4,64;4,64;4,42;4,64;844170
2002-05-30;4,5;4,6;4,4;4,5;479000
2002-05-29;4,6;4,65;4,56;4,6;784477
2002-05-28;4,59;4,69;4,35;4,59;1014750
2002-05-27;4,38;4,38;4,25;4,38;583554
2002-05-24;4,25;4,29;4,2;4,25;618382
2002-05-23;4,24;4,25;3,95;4,24;880990
2002-05-22;3,85;4;3,81;3,85;269039
2002-05-21;4,05;4,05;3,95;4,05;64407
2002-05-20;4,05;4,2;3,9;4,05;463692
2002-05-17;4,05;4,2;3,9;4,05;463692
2002-05-16;3,91;4;3,91;3,91;27520
2002-05-15;3,96;4,15;3,96;3,96;171621
2002-05-14;4,1;4,1;3,86;4,1;189181
2002-05-13;4;4;3,85;4;450000
2002-05-10;4;4;3,69;4;235744
2002-05-09;3,8;3,99;3,8;3,8;182518
2002-05-08;3,8;3,99;3,8;3,8;182518
2002-05-07;3,83;3,95;3,8;3,83;164448
2002-05-06;3,9;4,07;3,81;3,9;106515
2002-05-03;3,86;4,01;3,76;3,86;1027216
2002-05-02;3,75;3,95;3,65;3,75;612226
2002-05-01;3,65;3,65;3,6;3,65;251125
2002-04-30;3,65;3,65;3,6;3,65;251125
2002-04-29;3,6;3,69;3,5;3,6;320851
2002-04-26;3,69;3,78;3,65;3,69;187671
2002-04-25;3,7;3,76;3,55;3,7;428000
2002-04-24;3,6;3,62;3,53;3,6;3158407
2002-04-23;3,62;3,62;3,49;3,62;2108500
2002-04-22;3,49;3,57;3,45;3,49;449350
2002-04-19;3,58;3,66;3,55;3,58;65000
2002-04-18;3,61;3,67;3,57;3,61;159900
2002-04-17;3,6;3,65;3,59;3,6;101642
2002-04-16;3,6;3,6;3,4;3,6;286000
2002-04-15;3,36;3,36;3,2;3,36;290154
2002-04-12;3,38;3,4;3,29;3,38;87600
2002-04-11;3,37;3,5;3,35;3,37;73000
2002-04-10;3,46;3,55;3,46;3,46;36000
2002-04-09;3,5;3,59;3,44;3,5;36837
2002-04-08;3,49;3,63;3,49;3,49;77125
2002-04-05;3,63;3,69;3,63;3,63;32000
2002-04-04;3,68;3,79;3,64;3,68;114690
2002-04-03;3,59;3,74;3,59;3,59;324868
2002-04-02;3,6;3,67;3,58;3,6;357161
2002-03-29;3,51;3,63;3,4;3,51;386300
2002-03-28;3,51;3,63;3,4;3,51;386300
2002-03-27;3,2;3,24;3,15;3,2;57500
2002-03-26;3,14;3,22;3;3,14;396705
2002-03-25;3,22;3,4;3,2;3,22;314497
2002-03-22;3,27;3,35;3,26;3,27;260335
2002-03-21;3,31;3,43;3,15;3,31;304605
2002-03-20;3,2;3,5;3,2;3,2;410949
2002-03-19;3,49;3,58;3,35;3,49;533639
2002-03-18;3,64;3,64;3,51;3,64;69500
2002-03-15;3,55;3,7;3,5;3,55;129900
2002-03-14;3,65;3,78;3,6;3,65;61583
2002-03-13;3,75;3,8;3,7;3,75;47762
2002-03-12;3,79;3,8;3,65;3,79;280139
2002-03-11;3,8;3,8;3,72;3,8;484116
2002-03-08;3,65;3,67;3,52;3,65;151870
2002-03-07;3,58;3,69;3,58;3,58;126228
2002-03-06;3,64;3,73;3,63;3,64;87500
2002-03-05;3,64;3,7;3,57;3,64;74100
2002-03-04;3,5;3,79;3,5;3,5;300812
2002-03-01;3,55;3,6;3,5;3,55;122891
2002-02-28;3,5;3,7;3,49;3,5;209850
2002-02-27;3,65;3,75;3,65;3,65;93600
2002-02-26;3,62;3,65;3,6;3,62;123700
2002-02-25;3,73;3,74;3,5;3,73;180631
2002-02-22;3,73;3,79;3,6;3,73;232200
2002-02-21;3,77;3,94;3,75;3,77;279600
2002-02-20;3,9;3,95;3,88;3,9;178900
2002-02-19;3,92;3,92;3,7;3,92;166900
2002-02-18;3,82;3,98;3,81;3,82;229338
2002-02-15;3,99;4;3,66;3,99;386400
2002-02-14;3,94;4;3,93;3,94;187916
2002-02-13;3,97;3,99;3,94;3,97;69000
2002-02-12;3,9;4;3,87;3,9;293200
2002-02-11;3,96;4;3,78;3,96;210100
2002-02-08;3,9;3,96;3,8;3,9;225900
2002-02-07;3,81;3,89;3,8;3,81;145180
2002-02-06;3,9;3,9;3,54;3,9;431040
2002-02-05;3,65;4;3,65;3,65;319483
2002-02-04;3,9;4,03;3,61;3,9;509817
2002-02-01;4;4;3,65;4;812730
2002-01-31;3,65;3,98;3,65;3,65;204306
2002-01-30;3,83;3,83;3,2;3,83;287500
2002-01-29;3,3;3,34;3,1;3,3;303500
2002-01-28;3,3;3,65;2,9;3,3;1349299
2002-01-25;4;4;3,88;4;242600
2002-01-24;3,93;4,02;3,9;3,93;123933
2002-01-23;3,95;4,04;3,86;3,95;332364
2002-01-22;3,75;4,1;3,63;3,75;999802
2002-01-21;4,17;4,2;4,15;4,17;533046
2002-01-18;4,18;4,2;4,15;4,18;460344
2002-01-17;4,18;4,25;4,15;4,18;450910
2002-01-16;4,19;4,25;4,17;4,19;1009963
2002-01-15;4,18;4,2;4,17;4,18;202200
2002-01-14;4,2;4,25;4,18;4,2;595050
2002-01-11;4,24;4,25;4,17;4,24;639615
2002-01-10;4,17;4,25;4,12;4,17;364836
2002-01-09;4,25;4,3;4,15;4,25;486308
2002-01-08;4,25;4,25;4,12;4,25;1219300
2002-01-07;4,18;4,2;4,08;4,18;573600
2002-01-04;4,25;4,27;4,23;4,25;455142
2002-01-03;4,3;4,4;4,2;4,3;383621
2002-01-02;4,2;4,35;4,2;4,2;246380
2001-12-28;4,25;4,25;4,15;4,25;697183
2001-12-27;4,25;4,25;4,12;4,25;392600
2001-12-26;4,25;4,25;4;4,12;649241
2001-12-21;4,12;4,25;4;4,12;649241
2001-12-20;4,25;4,25;4,11;4,25;495681
2001-12-19;4,15;4,25;4,12;4,15;234252
2001-12-18;4,25;4,3;4,1;4,25;264599
2001-12-17;4,3;4,35;4,2;4,3;298033
2001-12-14;4,45;4,5;4,32;4,45;252100
2001-12-13;4,42;4,42;4,36;4,42;272506
2001-12-12;4,4;4,5;4,34;4,4;219374
2001-12-11;4,43;4,5;4,35;4,43;155444
2001-12-10;4,4;4,5;4,4;4,4;156540
2001-12-07;4,55;4,55;4,45;4,55;202795
2001-12-06;4,5;4,6;4,4;4,5;655551
2001-12-05;4,5;4,55;4,45;4,5;166569
2001-12-04;4,47;4,5;4,05;4,47;474118
2001-12-03;4,5;4,55;4,35;4,5;150000
2001-11-30;4,5;4,55;4,48;4,5;91990
2001-11-29;4,5;4,55;4,47;4,5;140709
2001-11-28;4,45;4,55;4,45;4,45;182362
2001-11-27;4,4;4,6;4,3;4,4;355539
2001-11-26;4,61;4,7;4,5;4,61;308894
2001-11-23;4,55;4,6;4,4;4,55;364455
2001-11-22;4,4;4,4;4,26;4,4;84008
2001-11-21;4,25;4,35;4,25;4,25;132254
2001-11-20;4,25;4,3;4,15;4,25;118302
2001-11-19;4,15;4,4;4;4,15;249294
2001-11-16;4,19;4,5;4,1;4,19;214516
2001-11-15;4,5;4,5;4,15;4,5;477306
2001-11-14;4,08;4,1;3,85;4,08;656502
2001-11-13;3,77;3,84;3,7;3,77;391240
2001-11-12;3,71;3,95;3,68;3,71;450540
2001-11-09;3,8;3,9;3,75;3,8;269074
2001-11-08;3,75;3,8;3,64;3,75;300020
2001-11-07;3,64;3,98;3,6;3,64;200299
2001-11-06;3,81;4;3,8;3,81;124157
2001-11-05;3,99;4,25;3,95;3,99;114944
2001-11-02;4,1;4,2;4;4,1;112116
2001-11-01;4,1;4,41;4;4,1;96633
2001-10-31;4,4;4,5;4,35;4,4;104022
2001-10-30;4,49;4,58;4,46;4,49;53871
2001-10-29;4,58;4,7;4,5;4,58;98164
2001-10-26;4,5;4,5;4,35;4,5;176050
2001-10-25;4,3;4,39;4,3;4,3;34312
2001-10-24;4,3;4,4;4,25;4,3;118414
2001-10-23;4,31;4,98;4,25;4,31;129617
2001-10-22;5,55;5,75;5,5;5,55;327220
2001-10-19;5,7;5,9;5,5;5,7;299163
2001-10-18;5,75;5,8;5,5;5,75;365439
2001-10-17;5,9;5,95;5,7;5,9;113576
2001-10-16;5,8;5,9;5,7;5,8;174151
2001-10-15;5,7;5,75;5,65;5,7;403290
2001-10-12;5,6;5,9;5,5;5,6;214630
2001-10-11;5,7;5,75;5,55;5,7;182647
2001-10-10;5,55;5,6;5,4;5,55;95929
2001-10-09;5,4;5,65;5;5,4;187663
2001-10-08;5,3;5,4;5;5,3;227485
2001-10-05;5,2;5,85;4,8;5,2;516228
2001-10-04;4,74;4,8;4,1;4,74;1483648
2001-10-03;4,05;4,05;3,95;4,05;562683
2001-10-02;4;4;3,92;4;429500
2001-10-01;3,95;4,1;3,85;3,95;1268220
2001-09-28;3,8;3,9;3,66;3,8;5010758
2001-09-27;3,8;3,95;3,77;3,8;201117
2001-09-26;3,95;3,95;3,8;3,95;331294
2001-09-25;3,9;3,98;3,8;3,9;63000
2001-09-24;3,95;4;3,8;3,95;173980
2001-09-21;3,55;3,6;3,25;3,55;882410
2001-09-20;3,6;4;3,45;3,6;494201
2001-09-19;3,9;4;3,9;3,9;505037
2001-09-18;4;4;3,65;4;392714
2001-09-17;4;4,5;3,9;4;549654
2001-09-14;4,7;4,9;4,7;4,7;293078
2001-09-13;4,99;5,1;4,7;4,99;389628
2001-09-12;5,05;5,15;4,5;5,05;529758
2001-09-11;5;5,45;4,95;5;715623
2001-09-10;5,35;5,4;5,25;5,35;849842
2001-09-07;5,25;5,4;5,1;5,25;1370927
2001-09-06;5,2;5,9;4,8;5,2;9242008
