"","ABB.ST.Open","ABB.ST.High","ABB.ST.Low","ABB.ST.Close","ABB.ST.Volume","ABB.ST.Adj.Close","ALFA.ST.Open","ALFA.ST.High","ALFA.ST.Low","ALFA.ST.Close","ALFA.ST.Volume","ALFA.ST.Adj.Close","AZN.ST.Open","AZN.ST.High","AZN.ST.Low","AZN.ST.Close","AZN.ST.Volume","AZN.ST.Adj.Close","BOL.ST.Open","BOL.ST.High","BOL.ST.Low","BOL.ST.Close","BOL.ST.Volume","BOL.ST.Adj.Close","HMB.ST.Open","HMB.ST.High","HMB.ST.Low","HMB.ST.Close","HMB.ST.Volume","HMB.ST.Adj.Close","LUPE.ST.Open","LUPE.ST.High","LUPE.ST.Low","LUPE.ST.Close","LUPE.ST.Volume","LUPE.ST.Adj.Close","SAND.ST.Open","SAND.ST.High","SAND.ST.Low","SAND.ST.Close","SAND.ST.Volume","SAND.ST.Adj.Close","SWMA.ST.Open","SWMA.ST.High","SWMA.ST.Low","SWMA.ST.Close","SWMA.ST.Volume","SWMA.ST.Adj.Close","TLSN.ST.Open","TLSN.ST.High","TLSN.ST.Low","TLSN.ST.Close","TLSN.ST.Volume","TLSN.ST.Adj.Close"
"2009-06-29",119.5,124.25,119.25,123.75,2007500,123.75,74.1,77,74.1,76.8,1355900,75.01,347,352,344,346.5,859900,346.5,58.75,60,57.75,58.5,3451100,56.77,772,785,771,782,1750300,378.15,58.4,59.9,58.1,59.9,684100,59.9,56,58.75,56,58.25,7322500,57.67,122.5,124.5,122,124.25,776300,120.64,39.8,40.8,39.8,40.8,10216200,39.06
"2009-06-30",123.75,124.25,121,121.5,2067700,121.5,77.1,77.1,73.6,73.6,3066100,71.88,347,348,341,341.5,600,341.5,59,60.5,58,58.25,4649800,56.53,780,782,766,770,10400,372.35,60.3,61.2,59.3,59.7,1297800,59.7,58.75,58.75,56.5,57.25,9025600,56.68,124,126.25,123,125.25,1525200,121.61,40.9,40.9,40.2,40.5,10068100,38.77
"2009-07-01",122.5,123.5,121.25,123.25,1481000,123.25,73.6,75.6,73.6,75,1999600,73.25,340,340.5,336.5,339.5,840100,339.5,58.5,60.75,58.25,60.25,4695500,58.47,771,787,770,785,1645000,379.6,60,61.1,60,61.1,913800,61.1,57.75,58.75,57.5,58.5,6239700,57.92,126.25,127.25,125.5,126.5,970600,122.82,40.6,41.6,40.5,41.6,10232200,39.83
"2009-07-02",122.5,123.5,120.25,121,1375200,121,74.7,75.1,73.1,73.6,1404100,71.88,336,340,332.5,336.5,1506200,336.5,59.75,62,59.5,60.25,6125400,58.47,784,784,761,764,4900,369.45,60.5,61,58.5,59.5,790300,59.5,59,59.5,57,57.25,5895700,56.68,127.5,129.25,126.25,127.5,1019200,123.8,41.2,41.5,40.7,40.8,11365300,39.06
"2009-07-03",121.25,121.75,119.5,120,1363900,120,73.9,75,73,73.9,1060500,72.17,337.5,340.5,335,336,525500,336,60.25,60.5,58.75,58.75,2027600,57.02,767,768,761,765,563500,369.93,59.2,60.4,58.7,58.9,446100,58.9,57.75,57.75,56.25,57.25,2586500,56.68,127,128.75,127,128.25,3000,124.52,40.8,41.1,40.5,40.6,4950700,38.87
"2009-07-06",119.25,119.75,117.75,118.5,1301300,118.5,73.9,73.9,72,72.1,1350200,70.42,334.5,341.5,334.5,341.5,717600,341.5,58.75,58.75,56,56.25,3861400,54.59,762,763,752,760,1229800,367.52,58.7,58.7,56.3,56.7,1010900,56.7,56.75,56.75,55.25,55.5,3862900,54.95,128.25,128.75,125.25,128,1060100,124.28,40.5,40.6,39.8,40.3,7905500,38.58
"2009-07-07",119.25,120.5,118,118.5,1224500,118.5,72.2,73.1,71.4,71.6,1346100,69.93,343,346,340.5,343.5,825500,343.5,56.75,59.25,56.5,57.25,4827600,55.56,760,771,760,766,1144300,370.42,56.4,57.4,56.2,57,1323900,57,55.75,56.75,55,55.5,3741900,54.95,127.25,128.25,125,125,1393600,121.37,40.2,41,40,40.7,5178800,38.97
"2009-07-08",118,119.25,116.5,116.5,1603100,116.5,71,72.8,70.3,71.8,2146200,70.12,346,348.5,343.5,344.5,780600,344.5,56.5,57.75,55.75,56.25,5616400,54.59,759,768,759,763,1204600,368.97,56.3,56.6,55.6,55.7,937700,55.7,54.75,55.75,54.25,54.25,5857900,53.71,125,126.5,124.25,125.75,1086100,122.1,40.4,40.5,40.1,40.1,5285300,38.39
"2009-07-09",119,120.5,118.5,119.25,1720700,119.25,72.3,72.7,71.5,71.6,989500,69.93,346.5,346.5,341,342,643900,342,57,58,56,56.5,3366600,54.83,765,770,760,767,1346600,370.9,56.4,56.5,55.8,56.1,819300,56.1,54.75,56,54.25,54.75,4182800,54.21,126.25,127.25,125,125.25,819000,121.61,40.2,40.4,39.8,40.1,7935700,38.39
"2009-07-10",118.25,119,117,118.25,1100,118.25,71.3,71.5,70.2,70.2,1394300,68.56,342,343.5,339,342,460300,342,56.25,56.5,54.5,54.75,3598600,53.13,767,772,763,770,1170900,372.35,55.6,56.3,54.7,55,674100,55,54.5,54.75,53.25,53.5,3067600,52.97,125.25,126.25,124.75,125.5,580900,121.85,39.9,40,39.6,39.8,1000,38.1
"2009-07-13",118,121.75,117.25,121,1214500,121,70.5,72.8,69.8,72.2,1356800,70.51,340.5,343,337.5,341,737100,341,54.25,56.5,53.25,56.25,4128300,54.59,766,782,761,777,1478500,375.74,54.5,57.5,54.2,57.2,992500,57.2,53.5,56.5,53,56,4861700,55.45,126,126,124.5,124.75,1086100,121.13,39.6,40.6,39.5,40.3,5071800,38.58
"2009-07-14",121.25,122,120.5,121.75,1290700,121.75,73,73.2,72.1,73.1,1496700,71.39,342.5,347,340.5,346,936600,346,57.5,58.25,56.75,58,3232000,56.29,780,784,774,780,1395200,377.19,57.9,58.6,57.4,58.3,682700,58.3,56.75,57.5,56.25,57.25,4059800,56.68,125.25,125.25,122,122.75,1824600,119.18,40.5,40.6,40.1,40.5,4152200,38.77
"2009-07-15",123,126.25,122.5,126.25,2301000,126.25,73.9,76.7,73.8,76.7,2097200,74.91,347.5,349,345.5,349,552300,349,59,62.5,58.5,62.5,11300,60.65,768,776,763,774,2756600,374.29,58.4,60.6,58.4,60.4,987100,60.4,59,60,58.25,59.5,6454600,58.91,123.5,125.75,123.25,125.75,1293000,122.1,40.8,41.7,40.5,41.7,6374700,39.92
"2009-07-16",126,127.75,125.25,126.5,1604800,126.5,76.6,77,72.9,73.5,4531900,71.78,349.5,357,349,356,842500,356,62.5,64.25,61.25,63,6091400,61.14,775,788,771,786,1657000,380.09,60.4,61,59.3,60.6,748100,60.6,60,61.5,59.25,60.25,7965900,59.66,126.25,127.25,124.5,125.5,1341800,121.85,41.7,41.9,41.2,41.8,5638700,40.02
"2009-07-17",127,128.25,126.5,126.75,1723100,126.75,73.5,75.4,72.8,74.1,2027100,72.37,355.5,356,350,351.5,633600,351.5,63.5,64.75,63.25,64,3418000,62.11,784,800,779,798,1899400,385.89,60.6,61.5,60.5,61.2,758900,61.2,62.5,65,62.25,64.5,12051700,63.86,129.5,131.75,129.25,131,3134600,127.19,41.8,42.4,41.8,42.1,5054700,40.31
"2009-07-20",127,129.5,127,128.5,1803200,128.5,74.4,75.7,74,75.2,1867000,73.44,350,360,350,354,826700,354,64.75,73.25,63.75,73.25,16785100,71.09,799,805,796,805,1458000,389.28,61.6,62.9,61.6,62.4,712500,62.4,65.5,66.25,62,63,7358100,62.38,132.25,132.25,128.5,128.75,1071300,125.01,42.1,42.4,41.4,41.8,5098800,40.02
"2009-07-21",129,130,128,129.25,1609100,129.25,75.2,77.1,74.9,76.1,2904900,74.32,352,354,350,352,722800,352,73,75,72,74.5,6212600,72.3,802,818,801,817,1697100,395.08,62.8,63.5,62.7,63.3,832600,63.3,62.5,64.75,62.25,64.5,6149500,63.86,129.25,131,128.5,130.5,1867800,126.71,41.7,42.2,41.4,42.1,8396100,40.31
"2009-07-22",129.5,129.5,124.75,128.5,2878200,128.5,76,78.7,75.5,78.3,3655100,76.47,352.5,357,350,355,736800,355,74,74.25,71.5,72.25,4584600,70.12,816,822,809,820,1539900,396.53,63.3,63.4,62.5,63.4,743500,63.4,64.25,64.5,62.75,64,4057400,63.37,131,133.5,130.25,131.75,1364100,127.92,42.3,43.5,42.3,43.4,9800,41.55
"2009-07-23",130.25,133.25,130.25,132.5,5478200,132.5,77.9,78.9,77.2,78.5,2054700,76.67,353.5,358,348,350.5,1035300,350.5,72.75,75.75,72.5,75.5,4530100,73.27,819,844,817,839,2157800,405.72,63.2,65.9,63.2,65.7,1266700,65.7,64.25,66,63.5,65.5,5096500,64.85,132.25,136,132,135.25,2076700,131.32,43.4,44.4,42.5,44.1,9682600,42.22
"2009-07-24",131.75,134.75,130.5,132.75,2918100,132.75,78.6,79.7,77.9,78.8,2044000,76.96,350.5,354.5,350.5,353.5,729100,353.5,75.75,78.75,74.75,77,4657700,74.73,834,836,821,832,2036700,402.33,65.4,65.8,64.2,65.2,727600,65.2,65.75,66,64.25,65.5,4991100,64.85,134.5,137.5,133.5,136.25,1317600,132.29,45.3,47.7,45.1,47.4,421200,45.38
"2009-07-27",132,132,128.5,129,2137200,129,79.5,79.9,76.8,77.5,1831200,75.69,353,355,344,345,940200,345,78,79.75,75.75,76.75,4312800,74.48,836,837,826,828,2255800,400.4,65.4,65.9,64.4,65,846200,65,66,66,64,64.5,3660200,63.86,136,137.5,134,135,1127100,131.08,47.2,47.6,44.8,45,13670900,43.08
"2009-07-28",130,131.5,128.5,128.75,1593000,128.75,78,78.2,76.4,76.9,1649700,75.1,344.5,350.5,344,348,691500,348,76.5,77.75,74.5,74.75,3384400,72.54,828,836,828,832,1438300,402.33,65.1,65.8,64.4,64.6,742000,64.6,64.75,65,62.75,63.5,4809500,62.87,136,137,134.5,136.5,1183200,132.53,45,45.7,44.9,45.5,5487600,43.56
"2009-07-29",130,132.25,129.5,131.25,2178100,131.25,77,77.7,76,76.3,1434600,74.52,348.5,349.5,344.5,344.5,2600,344.5,74,74.75,71.75,72.5,5187800,70.36,830,840,829,839,1106600,405.72,64.3,64.8,63,63.3,635800,63.3,63.25,64.75,63,64,4020400,63.37,136.5,139.25,136,138,1546300,133.99,45.2,45.8,45.1,45.6,4948000,43.66
"2009-07-30",131.5,133.25,129.75,133.25,3442500,133.25,76.9,79.1,76.1,78.6,1639500,76.76,346,362.5,342.5,346,7370000,346,72.75,77.75,72.5,77.25,4081700,74.97,840,864,839,862,1810300,416.84,63.1,65.5,62.5,65.3,819000,65.3,64.75,66.5,63.5,66.25,100,65.6,139,139.75,136,136.5,1012600,132.53,45.9,46.5,45.5,46.5,6651100,44.52
"2009-07-31",132.25,133.5,130,131.25,2246200,131.25,78,78.9,77.1,78.6,1438100,76.76,346,346,338.5,339.5,11600,339.5,76.5,78.5,76.25,77.75,8200,75.45,856,862,851,858,1320500,414.91,65.5,65.5,62.8,63.9,956800,63.9,66.5,69.5,66.25,68.75,8500400,68.07,135.5,139,135.5,137.75,1016500,133.75,46.4,46.5,45.8,46.3,5195500,44.33
"2009-08-03",131.75,134.75,130.75,133.75,2175900,133.75,78.4,80.7,77.8,80.1,1482700,78.23,341,341,334.5,334.5,1994800,334.5,77.75,82,77.5,82,4831300,79.58,855,858,846,849,1523300,410.55,64.1,66.9,64.1,66.7,936900,66.7,68.75,70.5,68.5,70,6604000,69.31,138,139.5,137.25,138,1047600,133.99,45.6,46.1,45.3,46,9220400,44.04
"2009-08-04",134,134.5,132,132.5,1568100,132.5,80,80.5,78.5,79.3,1173700,77.45,336,341,333.5,338,16700,338,82,82.5,79.75,80.25,3625900,77.88,846,846,834,839,2002700,405.72,66.8,66.8,65.4,66.3,686200,66.3,69.75,70.75,68.25,70.25,6134000,69.56,138,138,136,136.5,811100,132.53,45.7,45.9,45.3,45.5,6176000,43.56
"2009-08-05",132.75,134,130.25,130.75,2486200,130.75,79.3,80,77.6,77.6,1366100,75.79,336,339,334,334.5,1141100,334.5,80.25,82.25,79.75,81,2822300,78.61,837,845,826,828,1605100,400.4,66.8,67,64.8,64.8,802400,64.8,70,72.25,69.75,71,9032300,70.3,136.75,137,135.25,135.75,603300,131.81,45.5,45.8,44.6,44.6,6997600,42.7
"2009-08-06",132,132.5,131,131.5,1612800,131.5,78.4,78.9,76.4,77.1,1922100,75.3,334.5,335,327,328,1430400,328,81.75,83.25,80.75,82,3855900,79.58,834,840,830,834,3100,403.3,65.4,66,65.2,65.2,613200,65.2,71.5,71.5,68.25,69.25,4175800,68.57,136.5,138,135.75,136.5,507900,132.53,44.7,45.2,43.9,44.1,7298800,42.22
"2009-08-07",130.75,132.25,129,131.5,2567600,131.5,77,78.9,76.1,78.3,1488000,76.47,328,335,326,333,793200,333,81.75,82.75,79.25,82,5519100,79.58,833,845,824,844,1383000,408.14,65.2,65.9,64,65.8,752800,65.8,68.25,71,67.75,70.75,5131300,70.05,135.75,138,135.25,137.5,544100,133.51,44.2,45.7,44.2,45.7,10025500,43.75
"2009-08-10",131.25,133,130.5,132.5,1508000,132.5,78.3,78.6,76.9,77.3,791800,75.49,333,336.5,331.5,334,713800,334,82,82.25,80,81,2111800,78.61,840,842,829,832,978900,402.33,65.5,66.3,64.8,65.9,887300,65.9,70.5,70.75,68.5,69.25,3789100,68.57,137,137.5,136.25,136.75,622000,132.78,45.4,45.5,44.8,45,4769200,43.08
"2009-08-11",132.5,133.25,131,131.25,2176700,131.25,77.2,78.1,75.3,75.7,1430500,73.93,335,337,332.5,336,1173900,336,81,82.25,75.25,76,13900,73.76,832,839,814,820,1920700,396.53,66.4,66.8,64.6,65.6,1329500,65.6,69,70,67,67.5,14500,66.83,137,139.25,136.75,137.75,752400,133.75,44.9,45.5,44.3,44.4,7885500,42.51
"2009-08-12",131.5,132,130.5,131.75,1313500,131.75,75.4,76.9,73.9,76.7,2731000,74.91,335,337.5,333,334,862400,334,76.25,77,73.25,75.75,4640700,73.51,817,836,813,832,1521900,402.33,65.4,68.3,63.7,66.9,1716500,66.9,67.5,69.5,66.75,69.25,4381900,68.57,137.5,139.25,137,138.5,1218900,134.48,44.3,45,44.3,45,5471800,43.08
"2009-08-13",131.75,134.25,131.5,134.25,2540100,134.25,77.3,79.6,77,77.7,3185900,75.88,332.5,336.5,331.5,333,820900,333,77.25,80.75,76.5,80,5037500,77.64,836,846,833,842,1526200,407.17,67,68.5,66.9,67.8,1688700,67.8,69.5,72.5,69.5,72.5,9897200,71.78,138,142.5,138,141.5,1284800,137.39,44.9,45.6,44.9,45.1,5787000,43.18
"2009-08-14",134,134.25,130.5,131.75,1608300,131.75,78.3,79.5,76.7,77.4,1838200,75.59,334,334,328,328.5,1077600,328.5,80.5,82,78.25,79,3404700,76.67,842,844,825,828,1193700,400.4,67.6,68.9,67.1,67.1,897600,67.1,72.75,73.75,70.25,71,8307900,70.3,142.5,142.5,138.75,139.5,1004300,135.45,45.3,45.3,44.6,44.6,8759500,42.7
"2009-08-17",131,131.5,129,129.25,1692700,129.25,76.8,77.2,75.5,75.7,1375000,73.93,328,331.5,328,328.5,599700,328.5,78.25,78.5,74.75,75.25,5346700,73.03,810,817,805,806,1758500,389.76,66.9,67.1,64.7,66.5,1419300,66.5,70,70.25,68,69,5368700,68.32,139,139.75,136.25,137.5,1067200,133.51,44.5,44.8,43.7,43.7,5696600,41.84
"2009-08-18",129.5,130.5,128.75,129.25,1515600,129.25,76,77.6,75.9,76.6,1965500,74.81,329,334,328,331.5,693100,331.5,76,78.25,75.5,77,3945600,74.73,808,819,806,811,22700,392.18,66.5,67.3,66.1,66.6,760000,66.6,69.25,70,68.5,69.25,4962900,68.57,137.75,139.5,137,139.25,603500,135.2,44.2,44.2,43.7,43.9,5729100,42.03
"2009-08-19",129.25,130.75,128.25,130.25,1572600,130.25,76.6,76.6,74.9,75.5,2259600,73.74,332,335.5,329.5,330.5,651800,330.5,76,76,72.25,74.25,8108500,72.06,807,808,792,804,2089300,388.79,66.6,66.7,65.1,66.5,1362500,66.5,68.75,68.75,66.5,68.25,5907000,67.58,139,140.5,138.25,140.25,800600,136.18,43.8,44,43.2,44,7425500,42.13
"2009-08-20",131,132,130.75,131.75,2629100,131.75,76.2,76.8,75.7,76,2678200,74.22,331.5,331.5,326,328,1306800,328,75.5,76,74,74.5,5894700,72.3,805,815,803,814,1664300,393.63,67.4,67.6,66.7,67,1622100,67,69,70.5,69,69.75,5022500,69.06,141.75,142,138.75,139.75,18700,135.69,44.1,45.3,43.9,45,7556700,43.08
"2009-08-21",131.5,134,131.25,133.5,3361600,133.5,76.2,78.8,75.5,78.1,3894500,76.28,328,329.5,325.5,326,1320400,326,73.75,75.75,72.75,75.75,5592000,73.51,811,839,810,838,1916700,405.23,66.7,68.3,66.1,68.2,1399200,68.2,69.5,72.75,69.5,72.5,7019200,71.78,139.25,140.25,136.75,137.75,2398700,133.75,44.8,46.1,44.8,45.8,13781900,43.85
"2009-08-24",134.25,137.75,134,137.25,4616800,137.25,79,80.8,79,80.2,2510700,78.33,328,328.5,324,327,1243200,327,76.75,78.25,76.25,77.5,5167800,75.21,839,843,821,827,1513900,399.91,68.2,68.7,68.1,68.2,656200,68.2,73,74.5,72.5,74.5,5516300,73.76,138.25,139,137.75,139,1228200,134.96,46.2,46.5,45.6,46.1,5830400,44.14
"2009-08-25",136.75,139.25,135.75,139,3525800,139,79.8,84.3,79.1,83.3,4927000,81.35,328,330.5,325.5,326.5,1227100,326.5,76.5,76.5,74.5,74.75,4179200,72.54,823,825,805,812,2327900,392.66,67.7,69.2,66.9,68.4,894000,68.4,73.25,75,72.75,74.75,5263000,74.01,138.25,140,137.75,138,1025100,133.99,45.8,46.9,45.8,46.7,7377800,44.71
"2009-08-26",138.25,139.25,136.5,136.5,2288800,136.5,83.5,83.5,79.5,79.5,3832900,77.64,326,331,325,327.5,1402100,327.5,74.5,76,73.1,74.4,4118500,72.2,812,812,784,785,3088800,379.6,68.3,69.2,68,68.3,1034100,68.3,74.5,75.2,71.6,72.1,5576900,71.39,138,138.5,135,136.25,1322600,132.29,46.6,46.9,45.9,45.9,5526300,43.94
"2009-08-27",136.5,137.75,135.25,135.75,1515800,135.75,79.8,81.6,79.6,80.8,2591100,78.91,329,334,328.5,332.5,1365300,332.5,73.9,74.7,71.4,72.5,5946500,70.36,783,788,772,778,3336000,376.22,68.3,68.8,66.6,67.2,666000,67.2,71.6,73.1,70.6,71.7,5134500,70.99,136,137,135,136.5,899100,132.53,45.7,46.5,45.7,46.2,5828900,44.23
"2009-08-28",137.5,139,136,139,2381000,139,81.7,82.4,80,81,2348800,79.11,334,334,327,328,1867800,328,73.7,74.5,72.8,73.7,4885700,71.52,787,812,782,792,16600,382.99,68.1,68.7,66.9,67.2,1100500,67.2,72.4,74,72,74,5182500,73.27,136,137.5,135.5,137,1074100,133.02,46.4,47,46.3,47,6716600,45
"2009-08-31",138,138,136,136.75,1851500,136.75,80.7,80.7,79.2,79.4,1247300,77.54,335,336,329.5,334.5,2033700,334.5,73,73,71.3,73,3162600,70.84,785,795,785,789,1324600,381.54,66.1,66.6,64.1,65.1,1163300,65.1,72.7,73.3,71.3,71.7,4272700,70.99,136,138,136,137,759300,133.02,46.6,46.8,46,46.2,4667400,44.23
"2009-09-01",137.25,137.75,133.75,134.25,3793700,134.25,80.3,80.9,78.3,78.7,2188500,76.86,334.5,339,332,333,1672600,333,73.5,74.3,71.2,71.2,6369200,69.1,792,793,774,779,2065000,376.7,65.1,65.8,62,62.3,1545600,62.3,72.5,72.5,69.5,70.1,4807400,69.41,137.5,138,135.75,136.75,1317200,132.78,46.3,46.4,45.5,45.8,8841400,43.85
"2009-09-02",134,134.75,132,133.75,2520700,133.75,78.5,78.5,77.3,78,2268100,76.18,333.5,336.5,330,331.5,939900,331.5,71,71.1,67.5,68.4,8071400,66.38,784,784,769,775,1877500,374.77,62.2,62.2,61,61.8,1956400,61.8,69.6,69.8,67.6,68.9,6249800,68.22,136,137.75,136,137,742200,133.02,45.6,45.7,44.5,44.7,3200,42.8
"2009-09-03",133.75,136.5,133.5,135.75,1753400,135.75,79,79.2,77.6,78.4,1602400,76.57,333,333.5,328,328.5,865500,328.5,69.5,73.2,68.8,72,9315000,69.87,779,780,770,770,2229600,372.35,61.8,62.5,61,61.2,1621200,61.2,69.4,70.7,68.4,69.6,6075200,68.91,136.5,137.75,136.5,136.75,1112900,132.78,44.8,45.6,44.8,45,8755600,43.08
"2009-09-04",136,136.75,135,136,1377500,136,79,80.3,78.7,80,2092500,78.13,329,329.5,326,327,986600,327,73.1,74.3,72.8,74.2,4302600,72.01,777,790,774,781,1987300,377.67,61.5,61.9,60.8,61.1,1290700,61.1,70,70.9,69.6,70.8,4415500,70.1,137.5,137.5,133.75,134.25,1712200,130.35,44.7,45.6,44.7,45.2,8854500,43.27
"2009-09-07",136.25,137.25,135.25,135.75,1894000,135.75,81,81.3,80.4,80.8,835300,78.91,326,327.5,324.5,326.5,836300,326.5,74.4,75.4,73,74.1,4787900,71.91,791,792,786,790,3100,382.02,62,62.4,59.2,59.4,2101600,59.4,71.6,72.1,71.1,72,2326400,71.29,135,136,134.25,135.5,985700,131.56,45.4,45.9,45,45.4,6175400,43.47
"2009-09-08",136,137.5,135.25,137,1477400,137,81,81.3,80,80.9,1432200,79.01,326,326,321,321.5,1189600,321.5,75.2,77.3,74.9,77,8562900,74.73,791,793,783,787,1294800,380.57,59.4,59.7,58.2,58.8,2076900,58.8,72.3,73.6,71.7,73.2,4490300,72.48,136,136.75,135.5,136.25,816000,132.29,45.4,45.6,44.8,45.5,9193600,43.56
"2009-09-09",137,142.75,137,142.5,5120900,142.5,80.5,83.3,80.4,82.9,1884200,80.96,321.5,322,316.5,317.5,33700,317.5,76.6,78.4,75.8,77,6093000,74.73,785,789,776,788,2235600,381.06,58.5,59.7,58.2,59.4,1276100,59.4,73.9,77.8,73.6,77.8,9032600,77.03,136.25,138.5,136.25,138,1323200,133.99,45.4,46.1,45.1,46,7015800,44.04
"2009-09-10",142.5,147,142.5,146.25,5631200,146.25,83.8,86,83.4,85.3,4008000,83.31,318,323.5,315.5,317,1848500,317,77.3,78.1,75.3,77,5659200,74.73,789,791,773,780,1786300,377.19,60.3,61,58.2,58.4,1984400,58.4,78,78.5,76.5,78,9622100,77.23,138.5,147,138.5,142.5,2133000,138.36,46.1,46.2,45.2,45.6,6000400,43.66
"2009-09-11",146.5,146.5,142.75,144,2017100,144,85.5,85.9,84.3,85.5,1825000,83.5,316,321,314,318,1397600,318,77.5,78.8,77.1,78.5,4190200,76.18,782,795,776,789,1574100,381.54,59,60.5,58.8,60.2,2132400,60.2,78.1,79,77.8,78.4,5634700,77.63,142.75,143,138.5,139.25,20100,135.2,45.6,45.8,45,45.4,9301100,43.47
"2009-09-14",142.75,144,141.5,143.25,2307800,143.25,84.7,85.1,83.2,85.1,5500,83.11,317,320.5,316,319,1051000,319,77,78,76.1,77.8,4637700,75.5,781,792,778,790,1162300,382.02,59.8,59.8,58,58.7,1448100,58.7,77.4,77.7,76.4,77.2,4026100,76.44,138,141.5,137.75,140.75,41500,136.66,45.1,45.4,44.7,45.3,6114600,43.37
"2009-09-15",143.5,143.75,142,142,1889500,142,85.3,86,84.5,85,1747500,83.01,317.5,318,314,314.5,1348900,314.5,78.3,78.8,77.3,78.4,3387700,76.09,793,803,787,793,2049500,383.47,58.9,59.3,58.2,58.3,1541500,58.3,77,77.6,76.5,76.9,6189300,76.14,142.25,142.5,140,141,1136000,136.9,45.3,45.6,45,45.3,4868200,43.37
"2009-09-16",143,144.25,142.25,143.5,2099600,143.5,85.3,87,85.3,86.3,1909700,84.28,314,315,311.5,314.5,2209500,314.5,79.4,80.2,78.6,79.2,4581400,76.86,804,807,791,797,2085200,385.41,58.7,58.8,57.9,58.3,1585700,58.3,77.6,78.7,77.6,78.1,5289600,77.33,141.25,142.25,140.5,141.5,1266600,137.39,45.4,45.9,45.3,45.4,10447200,43.47
"2009-09-17",144.25,144.25,140,141,3154200,141,87,87.2,85.5,86.3,2695400,84.28,313.5,319,312.5,315,2105700,315,80.1,81.3,79.3,79.8,4545300,77.44,802,819,799,816,2888300,394.6,59,59.1,58.4,58.9,1347800,58.9,78.8,79.7,77.9,78.4,8519500,77.63,142.25,143,141.25,142,1175100,137.87,45.7,45.9,45.3,45.6,7726700,43.66
"2009-09-18",141.75,141.75,139.5,140.75,2067900,140.75,86.4,87.3,85.1,86.4,2287500,84.38,313.5,317.5,311.5,311.5,1888000,311.5,79.3,80,77.8,78,5574000,75.7,814,823,807,820,2374100,396.53,58.9,59.5,58.6,59.2,1381500,59.2,78,78.7,76.8,78.7,5724000,77.92,141.75,142,138,139,2056700,134.96,45.5,45.6,45,45.5,7431800,43.56
"2009-09-21",140.5,141,139.75,141,1399900,141,86,86.5,85.5,85.7,1375800,83.7,312,316.5,311,314.5,1003600,314.5,79.1,79.8,78,78.8,5089100,76.47,815,820,805,811,1419300,392.18,59.1,59.2,56.7,56.9,1392000,56.9,78,79,77.7,78,4260200,77.23,138.5,140,138.25,138.5,466400,134.48,45.4,45.5,44.8,45.1,5216500,43.18
"2009-09-22",141.25,143.25,141,142.25,2492700,142.25,86.1,87.4,86.1,86.9,1143400,84.87,315,317,314.5,316,941500,316,78.9,80.1,78.9,79.6,3668200,77.25,814,828,813,821,1448400,397.01,57.2,58.1,57.1,57.5,1292700,57.5,78.7,79.7,78.5,79,4094100,78.22,139.5,141,138.5,138.75,1263100,134.72,45,45.6,45,45.5,7319500,43.56
"2009-09-23",142.5,143.5,141.75,143,24800,143,87.6,87.8,85.5,86.2,66100,84.19,315,318,312.5,313,1758100,313,79.6,80.2,78.6,78.8,3600,76.47,819,825,810,817,10700,395.08,57.1,57.3,55.1,55.6,1352500,55.6,79,79.7,78.5,78.7,4435800,77.92,138.25,139.25,138.25,138.75,552600,134.72,45.8,47.9,45.7,46.7,32155000,44.71
"2009-09-24",142.75,144,141.75,141.75,3127800,141.75,85.6,85.7,82.8,83.3,1812200,81.35,311,311,303,305,2349600,305,78,78.6,76,76,3797500,73.76,804,807,775,782,7401000,378.15,54.6,56.4,53,54.1,2427700,54.1,78,79.3,77,77,6265800,76.24,138.25,139,138,138.25,944700,134.23,46.4,46.5,45.5,45.6,12390800,43.66
"2009-09-25",141.5,141.5,138.5,139.25,2635800,139.25,83.3,83.8,82.4,82.6,1994600,80.67,305.5,307.5,304,306.5,1267300,306.5,76.1,76.3,73.6,73.9,4701300,71.72,786,795,781,793,15000,383.47,53.9,57.1,53.9,56.2,1640400,56.2,77.1,78,76.1,76.4,16900,75.65,138.5,139,138,138.5,983400,134.48,45.7,46,45.4,45.8,8609000,43.85
"2009-09-28",140,141.75,136.75,141,2242700,141,82.8,84.3,81.4,84.1,1466100,82.14,307,317,307,314,2361500,314,73.2,75.9,72,75.8,4612400,73.56,792,797,784,792,1867800,382.99,56.6,57.6,55.4,56.9,1338900,56.9,76.6,78.8,75.1,78.4,4656000,77.63,138.25,140.75,138,140.25,787800,136.18,45.5,46.6,45.3,46.6,20400,44.61
"2009-09-29",141.5,142.25,140,141.25,2478300,141.25,84.2,84.5,82.7,83,1215100,81.06,315,320.5,312.5,316.5,10800,316.5,76.8,77.2,74.2,74.3,4730900,72.11,796,796,782,784,1400,379.12,57.5,57.5,55.7,55.9,907500,55.9,78.9,79,77.3,77.9,4370500,77.13,140.5,141.75,139,139,859300,134.96,46.7,46.7,45.7,45.7,7898100,43.75
"2009-09-30",141.5,141.75,138.25,139.5,2932900,139.5,83.8,83.8,81.4,81.8,2170800,79.89,318,321,312,313.5,1644900,313.5,74.2,76.3,74.2,74.9,4201000,72.69,788,792,776,783,2389800,378.64,56.3,56.9,56,56.5,886600,56.5,78,79.1,76.4,77,5145400,76.24,139.25,140.25,138.75,140,2145000,135.93,45.9,46.3,45.5,45.8,13425900,43.85
"2009-10-01",139.5,140,137.25,137.75,2834500,137.75,82.4,82.4,79.2,79.5,3800,77.64,313.5,315.5,310,310,1019200,310,74.9,75.5,71.8,72.3,4671000,70.17,782,784,767,770,3700,372.35,57,58.4,56.7,57.2,1814800,57.2,76.8,77.6,74.1,74.3,5793700,73.57,140,142,139.5,140.75,1359400,136.66,45.8,46.1,45,45.1,7836500,43.18
"2009-10-02",136.5,137.5,134.25,136,2761800,136,78.9,79.5,75.7,77.8,5279100,75.98,309,310.5,306,309.5,1006000,309.5,71.6,72.3,69.8,71.8,5999400,69.68,764,772,761,763,2543700,368.97,56.5,57.3,55,55.2,1379500,55.2,73.5,74.6,72.1,73,6736100,72.28,140,141.5,138,139,938000,134.96,44.9,45,44.2,44.4,6971700,42.51
"2009-10-05",136,138.5,135.25,137.5,1918000,137.5,77.9,79.5,77.5,78.1,2178400,76.28,309,313,308,312.5,735000,312.5,71.9,73.3,71.5,72.9,2667800,70.75,763,780,763,773,1706300,373.8,55.6,56.9,55.6,55.7,1255800,55.7,73,74.7,72.5,73.4,4710000,72.68,138.5,140.25,138.5,139.5,669700,135.45,44.3,45.9,44.2,45.5,8524200,43.56
"2009-10-06",138,140.25,137.75,140,1953000,140,78.8,80.5,78,80.2,66900,78.33,311,311.5,307,308,17700,308,73.6,76,73.2,75.9,3000,73.66,777,782,772,781,8600,377.67,56.4,58.9,56.1,58.5,1536900,58.5,74.3,75.9,73.9,75.9,5819300,75.15,139.5,141,138.25,139.75,661900,135.69,45.7,46.1,45.3,45.9,6704000,43.94
"2009-10-07",140.25,140.75,138.25,139,2358100,139,80.4,81.8,79.6,80.3,2886800,78.42,308,310.5,307,309.5,873900,309.5,76.2,76.6,74.7,75.8,3792800,73.56,785,792,782,786,52000,380.09,58.9,59,57,57.6,1681500,57.6,76,76.4,74,74.4,5707200,73.67,139.5,140.5,138.75,139,540600,134.96,45.9,46,45.2,45.3,5426100,43.37
"2009-10-08",141.75,144.5,141.75,143.75,3133400,143.75,81.7,82.1,81.2,82.1,2144700,80.18,310,311,308.5,310,696900,310,76.6,78.1,76.6,78,3200,75.7,791,794,783,792,1265700,382.99,58.9,58.9,55.8,57.1,2456600,57.1,75.5,77.2,75.2,76.4,5782600,75.65,139.5,140.5,139.25,140,600600,135.93,45.9,45.9,44.8,45.2,6282700,43.27
"2009-10-09",143.75,145.5,143.5,145.5,1872100,145.5,NA,NA,NA,NA,NA,NA,309.5,311,306.5,308.5,1352600,308.5,78,79.4,77.6,78.5,6015400,76.18,789,794,785,786,1595000,380.09,57.3,58.8,56.7,58.2,1919200,58.2,76.2,76.9,75.5,76.2,3568000,75.45,139.5,141.5,139.25,140.5,753900,136.42,45.1,45.4,44.8,45,1000,43.08
"2009-10-12",146.25,149.25,146.25,148.5,2573000,148.5,84,84,84,84,2144700,82.04,309.5,311,308,309.5,848600,309.5,79.1,81.8,78.9,81.2,6616500,78.8,792,797,788,794,959900,383.96,58.5,60.2,58.3,60,2206700,60,77.2,78.1,76.5,77.9,4570800,77.13,140.5,142,140,141,507300,136.9,45.1,45.4,45,45.1,6996600,43.18
"2009-10-13",147.5,149,146,146.25,2101200,146.25,NA,NA,NA,NA,NA,NA,309,311,307.5,308.5,1424500,308.5,81.2,83.3,80.6,81,8656800,78.61,796,801,789,792,1573100,382.99,60.3,60.9,59.1,59.7,1843700,59.7,77.8,78.1,76.7,77.4,4824200,76.64,141.75,141.75,140,140.75,687500,136.66,45.2,45.3,44.9,45,7211500,43.08
"2009-10-14",147.5,152,147.25,151.5,3228200,151.5,84,84.7,83.5,84.1,34800,82.14,309.5,311.5,307.5,308.5,1574400,308.5,82.6,86.8,82.5,86.8,10944800,84.24,796,816,794,816,12100,394.6,60.3,62.8,60.3,61.5,2448900,61.5,78.4,81.8,78.4,81.4,11155900,80.6,141.5,144.25,140.5,142.5,889100,138.36,45.3,46.1,45.3,45.7,11238500,43.75
"2009-10-15",151,153.5,151,151,1536700,151,84.5,85.5,84,84.1,1770000,82.14,309,314.5,308.5,311.5,1782900,311.5,87.1,88.6,86.4,87.2,7700600,84.63,808,825,806,813,2921500,393.14,61.5,62,60.2,60.4,1611000,60.4,81.7,82.8,80.7,80.7,7169600,79.9,143.25,146.75,143,146,1124500,141.76,45.9,45.9,45.3,45.5,5084500,43.56
"2009-10-16",153,153.5,148.5,149.75,1731100,149.75,84.6,85.1,82.9,83.3,1948500,81.35,314,316,312.5,314.5,1150000,314.5,87.8,88.5,86.3,87,5435800,84.43,815,819,807,812,2105700,392.66,61.7,64.2,61.7,62.7,2531600,62.7,81.2,82.9,80.1,80.5,1500,79.71,146.5,159,144.5,151.5,4766000,147.1,45.8,46.2,45.4,45.4,10935700,43.47
"2009-10-19",150.5,151.5,148.5,149.75,2170600,149.75,83.6,84.6,83.5,83.9,1569100,81.94,314,320.5,313,320.5,17900,320.5,87,89,86.9,89,4821900,86.37,816,826,814,822,1367100,397.5,63.5,65,63.4,65,1876400,65,80.9,82.4,80.9,82,4471800,81.19,151.5,155,150,150,1549400,145.64,45.5,46.8,45.5,46.5,8748700,44.52
"2009-10-20",151,151,148,148.75,2070500,148.75,84.9,85,83.1,84.7,2185900,82.72,320.5,320.5,315.5,317,977400,317,89.5,91.3,88.6,89,4696500,86.37,825,825,814,817,1437000,395.08,65.8,66.4,64.5,65.3,1704700,65.3,83,83.9,79.4,80.2,9928200,79.41,150,150.5,146.5,148.25,1705000,143.94,47,47.8,46.5,47.6,11838600,45.57
"2009-10-21",149.25,149.5,145,147.25,2781200,147.25,84.2,87.1,82,86.6,5503800,84.58,315.5,317,313.5,313.5,819200,313.5,89,90,86.2,89.9,5117500,87.25,816,820,809,816,5200,394.6,65.2,65.9,63.1,63.5,2135600,63.5,80.5,80.9,78.1,79.5,5648300,78.72,148.5,149,146.75,147.5,898000,143.21,47.8,47.8,46.7,47.3,9036400,45.28
"2009-10-22",145.75,146.5,144.75,146,2043900,146,85.7,87.5,85.5,87,2480500,84.97,312.5,316,310,314,866000,314,88.1,88.5,86.3,87.4,4837100,84.82,808,818,808,811,1023500,392.18,63.6,64.2,62.3,63.7,1062500,63.7,78.4,79.2,77.3,77.7,3783000,76.93,147,148.75,146,147.25,1262600,142.97,47,47.8,46.9,47.7,8227200,45.67
"2009-10-23",147,147.5,145,145.25,1340400,145.25,87.8,89.1,87.5,88,2687400,85.94,313,315,309,309.5,1244300,309.5,88.9,89.3,88,88.5,6900,85.89,816,818,810,813,856400,393.14,64.8,64.8,63.4,63.4,828500,63.4,78.9,79.9,78,79,5070000,78.22,147.75,148.75,146.5,146.5,515900,142.24,48.3,48.5,47.3,47.3,11679800,45.28
"2009-10-26",146,146,141.7,142.1,1839200,142.1,89.4,90,87.8,88.15,3175700,86.09,308.9,312.4,307.5,310.4,897300,310.4,89,93.25,89,91.05,14945300,88.36,814,815.6,802,803.2,1179200,388.41,63.8,63.8,61.45,61.85,1501000,61.85,79.75,80.2,77.65,77.8,3226700,77.03,147.9,148.5,145.7,146,1329000,141.76,47.84,47.84,46.86,47.07,9529000,45.06
"2009-10-27",142,144.5,142,143.9,1702200,143.9,88.7,89.4,87.2,87.55,3160200,85.5,310.5,323.3,308.5,323.1,2459000,323.1,90.85,91.2,88.5,88.85,5950800,86.23,800.2,829.2,800.2,824.4,3485500,398.66,61.85,62.8,61.5,62.3,1023900,62.3,77.8,79.2,77.6,78.45,5886600,77.68,144.8,147.8,142.2,146.7,43500,142.44,47.11,47.96,46.99,47.7,9411100,45.67
"2009-10-28",143.7,143.7,137.5,139.7,3415000,139.7,87.6,87.65,84.8,85.25,1642200,83.26,319.1,323.4,317.5,321.4,2035600,321.4,88.95,89.65,84.5,84.75,6521100,82.25,820.8,823.2,811,813.8,2309500,393.53,62.45,62.45,59.05,59.05,1360200,59.05,77.8,77.9,75.6,76.6,7288600,75.84,145.5,148.1,145,147,1552300,142.73,48.73,49.23,47.85,47.98,28304900,45.94
"2009-10-29",134.5,136.8,130,136.4,6036100,136.4,85.05,87.45,84.1,87.4,1934800,85.36,320.3,326.5,315.7,318.3,6012300,318.3,84.75,88.95,83.3,88.75,4550000,86.13,809,819,805.2,817.6,2255100,395.37,59.05,61.45,58.25,61.35,1494200,61.35,75.8,79.25,75.25,79.25,9317300,78.47,147.6,150.2,146.6,148.8,1694500,144.48,47.98,48.21,47.03,47.9,11103200,45.86
"2009-10-30",137.2,137.3,132.6,133.7,22400,133.7,88.25,88.45,86.95,88.45,2216000,86.38,320,320,316.1,317.8,963700,317.8,89.45,89.9,87.75,87.75,2607600,85.16,814.4,816,809.8,816,887500,394.6,62,62.05,60.55,61.4,511900,61.4,83,83,79.95,80.2,6405500,79.41,148.7,149,147.5,147.5,1043100,143.21,47.62,47.72,46.98,47.51,6200,45.49
"2009-11-02",132.5,134.7,130.8,133.9,4247500,133.9,86.4,87.9,85.6,86.5,3481700,84.48,317.7,317.7,311.5,312.2,1426800,312.2,85.5,87.35,84.55,86.6,4357100,84.04,809.6,813.8,802.2,809,1916300,391.21,59.6,60.55,59.2,60.25,1200300,60.25,78.35,79.35,76.8,78.5,32500,77.73,147.4,148.5,146.5,147.6,819000,143.31,47,47.39,46.5,47.29,10087600,45.27
"2009-11-03",132.2,133.2,129.2,132.7,26000,132.7,85.1,85.6,83.55,85.2,2443500,83.21,313.3,316.3,311.1,314,1371300,314,87,87.35,84.2,85.95,5103800,83.41,805.2,817,805.2,809.2,2281400,391.31,60.4,60.6,59.3,59.9,944700,59.9,77.9,78.15,76,76.55,6819000,75.79,147,149.9,146.5,148.8,1006500,144.48,47,47.31,46.25,46.4,9217400,44.42
"2009-11-04",134.1,135.7,133,135.7,2845100,135.7,85.35,86.35,85.05,86.35,1760800,84.33,314.7,315.9,311.9,315.8,1104100,315.8,87.05,90,87.05,90,3601200,87.34,815.4,840.6,814.6,836.8,2640600,404.65,60.75,61.9,60.25,61.6,1246600,61.6,77.4,79.15,77.15,79.05,6817600,78.27,148.8,149.3,146.7,147.1,1242000,142.83,46.63,47.4,46.47,47.2,8505800,45.19
"2009-11-05",134,135.8,132.5,135.1,3734900,135.1,85.65,88,85.25,87.25,1959200,85.21,314.8,316,312.3,314.1,1163800,314.1,88.8,90,87.8,89.7,5200,87.05,833,858.2,830.6,856.8,3204400,414.33,61.4,61.7,60.1,61.55,1342900,61.55,78.45,82.2,78.15,81.5,8248000,80.7,147.1,149.5,146.9,148.7,934200,144.38,47.05,47.95,47.05,47.61,11724000,45.58
"2009-11-06",135.7,137.6,134.5,136.3,3679600,136.3,87.4,88.15,86.15,87.25,1398800,85.21,313.9,314.4,310.1,313.2,1543200,313.2,90.3,90.9,87.55,89.5,4408200,86.86,856,858,841,846.6,1659100,409.39,61.7,62.2,60.4,60.75,1295200,60.75,81.65,82.15,79.75,80.5,4976100,79.71,148.1,148.7,147.2,148.1,884400,143.8,47.8,47.86,46.95,47.35,8821900,45.33
"2009-11-09",136.9,137.7,136.1,136.5,2845800,136.5,87.8,89,87.4,88.7,1795800,86.63,313.6,314.6,313.2,314.5,4900,314.5,90.55,91.95,90.1,91.9,4274600,89.19,855.4,865.6,848.8,864,4600,417.81,61.5,62.9,61.3,62.85,892000,62.85,81.8,82.1,80.8,82.05,23700,81.24,148.9,150.9,148,150.7,678200,146.32,47.52,48.66,47.42,48.53,1800,46.46
"2009-11-10",137,137,135.4,136,3174000,136,89,89.15,87.85,88.4,1404300,86.33,314.6,315.3,310.8,311.6,942700,311.6,91.9,91.9,89.7,90.35,4207400,87.68,866,871.6,854.4,860,2150600,415.87,63,63.1,60.55,61.5,1725000,61.5,82.05,83.1,81.65,82.6,4075400,81.78,150.7,155.5,150.7,152,1159600,147.58,48.25,48.35,47.66,48.14,10626100,46.09
"2009-11-11",137.3,139.2,136.2,136.9,2860000,136.9,89,89.3,88.2,88.9,1355700,86.82,313,314.1,311,311.5,1102300,311.5,91,92.35,90.75,91.55,3484200,88.85,864.2,869.6,861.2,864.4,1442500,418,62.3,63.3,61.55,61.55,1667200,61.55,83.05,83.55,82.25,82.9,4532500,82.08,153.4,153.9,151.2,152.9,945900,148.46,48.35,48.78,48.06,48.33,10173200,46.27
"2009-11-12",136.4,137,135,135,3166500,135,88.8,90.95,88.15,90.1,2496400,87.99,312,313.3,310.7,312.6,1334800,312.6,91.1,92.2,90.75,92.05,3244400,89.33,864.4,869,861.2,867,1418700,419.26,61.55,62.45,61.3,62,1457500,62,82.25,84.7,82.25,84.05,3939500,83.22,153,155.9,152.5,154.3,1161700,149.82,50.15,52.05,50.15,51.3,34820600,49.11
"2009-11-13",134.5,134.8,133.4,133.8,4550900,133.8,90,91.5,89.4,91.05,2744800,88.92,313,318,313,315.4,1276500,315.4,91.25,92.2,90.7,91.65,2702600,88.94,864.4,874.6,864.2,872,1732200,421.68,62.1,62.3,60.55,60.8,1237300,60.8,83.95,85,83.3,84.7,4927600,83.86,153.3,155.2,152.8,153.5,656300,149.04,50.9,50.9,49.8,50,9200,47.87
"2009-11-16",134.8,135.5,132.5,133.7,4772200,133.7,91.5,93.6,91.4,92.9,3042300,90.73,314,315.3,311.7,315.3,1107500,315.3,92.65,94.55,92.65,94.35,3521100,91.56,846.8,848.6,830.6,841,4892500,406.68,61.4,61.85,61.05,61.75,782100,61.75,85.5,87.2,85.5,87.1,18200,86.24,154.6,155.1,151.8,152.5,1189800,148.07,50.85,50.85,49.61,50.1,14281000,47.97
"2009-11-17",133.9,134,130.9,131.3,7371300,131.3,93.25,93.4,90.1,90.85,3454800,88.73,315.7,316,311.3,311.3,974200,311.3,93.8,94.35,93.35,93.9,700,91.13,839,839,827.2,832,18100,402.33,61.5,62.45,61,61.95,1111600,61.95,86.9,86.9,85.6,85.9,3798100,85.05,152.5,154.3,152.2,153,493200,148.56,50.05,50.1,49.52,49.54,9220600,47.43
"2009-11-18",132,133,131.1,132,4730200,132,91.05,93.85,91.05,92.1,4338400,89.95,312.6,313.2,310.8,311,1781700,311,94.55,95.3,94.05,94.85,3600,92.05,834.4,837,831.4,831.8,1512700,402.24,62.4,63,62.25,62.5,1093800,62.5,86.75,86.75,85.35,85.6,3300,84.75,154.1,154.4,152.8,153,737200,148.56,49.78,49.95,49.55,49.6,6506400,47.49
"2009-11-19",131.5,131.5,127.9,127.9,7439100,127.9,92.3,92.85,90.55,91,2405700,88.87,311.7,314,310.7,311,1657600,311,94.7,94.95,92.2,92.85,3149800,90.11,834,837.8,824.4,827.2,2003000,400.01,62.75,64.45,62.7,63.4,1639100,63.4,85.1,85.7,83.2,84.05,5667600,83.22,152.3,154.2,152.3,152.3,548600,147.88,49.51,49.73,49.32,49.46,5999500,47.35
"2009-11-20",128.7,130,127.4,129.7,4351000,129.7,91.25,92.75,91.25,91.7,2251000,89.56,311,312.1,309.6,310.1,1204300,310.1,93.4,94.15,92.1,92.65,2693900,89.91,828.8,835.8,827.6,831.2,1553800,401.95,63.7,64.15,61.65,62,1092300,62,84.3,85,82.75,83.7,2863000,82.87,152.5,153.6,151.8,152.4,387300,147.97,49.5,49.94,49.5,49.94,5830900,47.81
"2009-11-23",130.5,132.9,130.5,132.4,4206900,132.4,92.85,95,92.7,94.9,3954800,92.68,310,314.3,310,312.6,1663100,312.6,93.55,95.3,93.55,94.9,1100,92.1,835,847.6,833.2,842,3085600,407.17,62.35,63.25,62.3,63,1169300,63,85.15,86.6,84.75,86.55,3562800,85.7,152.4,155.5,152.4,155,887400,150.5,50.2,50.9,50.15,50.6,10514600,48.44
"2009-11-24",131.5,133.1,131.1,132.5,3298100,132.5,94.55,95.8,93.95,94.8,14500,92.59,312.3,314.5,312.1,313.4,1344000,313.4,93.75,94,92.5,93.15,1300,90.4,839.6,847.8,836,836,1491100,404.27,62.75,63.4,62.5,62.65,1160600,62.65,85.95,85.95,84.5,84.7,5069900,83.86,154.5,157.3,154.5,154.7,702200,150.21,50.35,51.1,50.35,50.6,9854700,48.44
"2009-11-25",132.6,132.9,131.4,132.4,2555400,132.4,95.5,95.9,94.2,95.9,1908000,93.66,313.9,319.9,313.5,319,2052300,319,92,92.9,91.1,92.4,5663400,89.67,842,847,835.2,844,1729100,408.14,62.7,63.55,57.65,59.35,18300,59.35,86.6,86.6,84.9,86,3644500,85.15,155.5,156.3,153.9,154.8,856300,150.3,50.75,50.95,50.5,50.8,5326900,48.64
"2009-11-26",131.2,131.5,128.8,129,3169700,129,95.45,95.6,92.85,93.1,1625900,90.92,317.9,320,314.7,315.1,1252900,315.1,91.5,91.5,87.05,87.2,6429800,84.63,841.4,841.4,828,828,1541600,400.4,59.5,59.85,56.75,56.75,2033000,56.75,85.75,85.75,82.4,82.8,2948600,81.98,154.3,154.8,150.9,151.1,646500,146.71,50.65,50.7,49.42,49.42,36200,47.31
"2009-11-27",127.3,129.7,127,129.4,3289800,129.4,92.25,94.65,91.25,94.15,1751600,91.95,313.9,315.4,311.7,315.3,1669600,315.3,85.05,90.2,84.25,89.65,7564600,87,824,837.6,822,832.8,1395200,402.72,56.55,58.35,55.7,58.35,2487200,58.35,81.55,84.55,81.15,84.15,4912400,83.32,149.3,153.7,149.2,152.5,806800,148.07,48.94,50.25,48.75,49.9,6137400,47.77
"2009-11-30",129.9,130.5,127.5,128,2541100,128,95,95.35,92.65,92.95,2205600,90.78,313.8,314.3,311.3,312.3,1166700,312.3,90.5,91,86.45,87.7,5437400,85.11,837.2,838.4,824.6,824.6,1253500,398.75,58.5,58.7,56.85,58,1679700,58,84.65,85,81.75,82.15,5646800,81.34,153.6,153.6,149.9,150,1343900,145.64,50.3,50.3,49.38,49.5,6036900,47.39
"2009-12-01",128.7,130.5,128.7,129.6,2770900,129.6,93.8,96.55,93.75,96.5,2195000,94.25,312.3,315.9,312.3,315.1,1168700,315.1,88.85,91.2,88.8,91.15,4691700,88.46,827,829,815,823.6,3495500,398.27,58,59.45,57.95,59.3,1483600,59.3,83.2,84.75,83,84.5,4840000,83.67,151.6,152.8,151.6,152,1201100,147.58,50.15,50.5,49.9,50.5,5884200,48.35
"2009-12-02",129.6,130.3,128.7,129.7,2732800,129.7,96.85,98.25,95.85,98.1,2701700,95.81,314.7,318.8,314.6,317.1,1901100,317.1,92.1,92.6,90.8,92.4,3600700,89.67,824.6,824.6,813.2,822.4,2641200,397.69,59,59.2,58.05,58.55,1412600,58.55,84.5,86,84,86,4364400,85.15,150.5,153.2,150.4,152.5,1234700,148.07,50.35,51.1,50.3,51,7218800,48.83
"2009-12-03",130,131.4,129.1,129.2,2600300,129.2,98.3,99.2,97.6,98.15,2673100,95.86,315.8,317.2,313.6,315,1642300,315,93.05,94.2,91.5,91.9,4845600,89.19,825.6,825.8,807.8,807.8,2799700,390.63,58.8,59.2,58.05,58.05,1120900,58.05,86.3,86.9,84.45,84.5,5494000,83.67,153.4,154.4,152.8,153.6,1357700,149.14,51.15,51.8,50.9,51.55,11163400,49.35
"2009-12-04",129.9,130.6,127.4,129.8,3645300,129.8,97.7,99.35,96.85,98.4,2025800,96.1,317,328.4,316.4,327.5,2784000,327.5,91.3,94.2,90.9,92.95,4156700,90.21,806,820,804.6,818,2091500,395.56,57.9,59.45,57.5,59.15,1402200,59.15,84,85.9,83.05,85.9,8775700,85.05,153.8,156.9,153.6,155.8,1036600,151.27,51.15,52.7,51.1,51.75,10809000,49.54
"2009-12-07",129.7,129.8,128.1,129,2278400,129,98.4,99.9,97.4,99,1351900,96.69,327,328.7,325,326.9,1524100,326.9,92.2,92.95,91,92.25,3840600,89.53,818,821.8,811.6,811.6,1700100,392.47,58.85,59.25,57.9,58.1,1608000,58.1,85.3,86.4,84.55,86,3236700,85.15,155,156.1,154,154.3,562500,149.82,51.8,52.3,51.45,51.75,6575300,49.54
"2009-12-08",129.4,130.3,127.3,128.8,3031100,128.8,99,99.85,96.25,97.45,2193900,95.17,327,327.9,322.2,325,1432700,325,91.55,92.55,89.9,90.65,3923800,87.97,813.6,814,792.8,796,3432900,384.92,58.1,58.15,56.8,57.25,1900600,57.25,85.65,86.85,84.65,85,6734100,84.16,153.5,155.1,150.9,151.8,1165500,147.39,51.7,52.15,50.55,51,10267700,48.83
"2009-12-09",128.7,129.6,126.3,127.2,2551800,127.2,98.5,99.35,97.05,97.15,3492100,94.88,323.7,326,322,323,2700,323,90.35,90.8,88.65,90.5,3261200,87.83,791.4,794.4,781.4,785.4,3260100,379.8,57.2,57.4,56,56,1487800,56,85.05,85.75,83.85,84.55,5295100,83.72,151.1,151.6,149.6,149.6,1227800,145.25,50.95,51.45,50.6,50.85,8303700,48.68
"2009-12-10",127,128.1,126.5,126.7,2583000,126.7,97,97.55,95.9,96.35,2100200,94.1,322.6,325.4,322.1,322.6,1240200,322.6,90.9,91.25,89.6,90.75,2082200,88.07,788.6,797,788,791,2813000,382.51,55.95,56.25,55.5,55.65,1356400,55.65,84.75,85.6,84.4,85.3,4316800,84.46,149.5,151.2,148.8,150,1242400,145.64,50.75,51.4,50.75,51.25,392100,49.07
"2009-12-11",127.3,129.2,127.3,128.4,3009900,128.4,96.85,97.4,96.45,96.7,1443500,94.44,324.5,327.8,323.6,327.7,1782200,327.7,91.4,91.95,90.65,90.95,2877000,88.26,792.6,795.6,786.6,789,2328000,381.54,56,58,55.9,57.9,2771600,57.9,85.8,86.5,85.5,85.8,6018200,84.95,150.5,154.8,150.5,153.8,1000500,149.33,51.35,51.8,51.05,51.3,12131700,49.11
"2009-12-14",129.5,130.6,129.4,129.6,2254900,129.6,97.45,98.35,96.9,97.5,1247500,95.22,326.1,327.1,322.1,325.3,1462600,325.3,91.6,91.95,91.05,91.45,2248800,88.75,795.2,799.8,789,793.2,12500,383.57,58.35,59.35,58.2,59.05,1779600,59.05,86.3,87.55,86.3,87.3,3744000,86.44,155,157.2,154.4,155.8,788100,151.27,51.8,52.35,51.45,51.75,6263300,49.54
"2009-12-15",130.4,131.4,130.1,130.6,30800,130.6,97.9,97.9,95.7,96.15,1202200,93.9,327.1,331.1,327,329.9,1435200,329.9,91.75,91.8,89.25,89.95,2561700,87.29,784,790,778.6,786,4082500,380.09,59.05,59.1,58.25,58.45,1105100,58.45,87.7,87.85,86.3,87.35,4468600,86.49,157.1,157.4,154.3,156,598600,151.47,52.25,52.3,51.35,52,5223200,49.78
"2009-12-16",130.6,132.2,130.2,132.1,3869300,132.1,96.1,97.55,96.1,96.75,1568900,94.49,334.3,335.8,331.9,332.7,2023100,332.7,90,91.65,89.5,91.35,2769200,88.65,790,802,788.4,798.2,1866900,385.99,58.8,59.3,58.45,59,1191800,59,87.05,89.85,87.05,89.25,5904900,88.37,156,156.6,153.9,154.5,675600,150.01,52.15,52.25,51.8,52.05,4538400,49.83
"2009-12-17",131.8,133.4,131,133,3016000,133,96.45,97.6,95.75,96,1366400,93.76,333.1,335.4,331,332.8,1593800,332.8,90.9,91.4,89.7,90,3103900,87.34,790.2,795.2,787.4,791,1507000,382.51,58.85,58.9,57.55,57.65,1483700,57.65,88.4,88.9,86.7,86.9,4560600,86.04,154.4,158.4,154.3,157.5,1409200,152.92,51.85,52,51.3,51.45,6618700,49.26
"2009-12-18",133.5,134.4,132.7,132.8,2965300,132.8,96.05,96.5,94.55,94.55,2239400,92.34,332.6,337.1,331.3,331.5,1359900,331.5,90,90.25,88.1,88.1,3035400,85.5,790.6,793.6,778,778,2101300,376.22,57.9,58.2,57.15,57.5,1314000,57.5,86.9,87.2,85.1,85.1,5391900,84.26,158,159.2,156.2,156.5,1247000,151.95,51.3,51.85,50.95,50.95,5516400,48.78
"2009-12-21",133,134.9,133,134.9,3745800,134.9,94.5,96.45,94.4,96,1456000,93.76,331.2,334.3,330.1,333.4,1539800,333.4,88.45,89.8,88.15,89.5,1773900,86.86,780.6,798.8,780.6,795.8,2222500,384.83,57.8,57.85,56.15,57.25,1474700,57.25,85.7,87.2,85.7,86.95,4424300,86.09,156.5,159.4,156,159.4,702400,154.77,51.2,51.9,51.15,51.8,10083500,49.59
"2009-12-22",134.9,137.7,134.9,137.5,3441500,137.5,96.1,97.65,96.1,97.3,900800,95.03,333.4,340,333.2,339.5,1572900,339.5,90.05,90.7,88.85,89.4,1894500,86.76,799,815,797,810.8,1965700,392.08,57,57.2,56.3,56.8,1243500,56.8,87.5,88.25,86.85,87.85,3909800,86.98,159,160.7,159,159.4,731000,154.77,51.7,52.8,51.7,52.75,21000,50.5
"2009-12-23",138,138.7,137.6,137.8,1865400,137.8,98,98.5,97.3,97.9,577100,95.61,337.9,340.3,336,336.1,826500,336.1,89.4,90.2,89.4,89.85,1251200,87.2,813,815.4,807,807,11700,390.24,56.9,57.25,56.7,57,821200,57,88.1,88.85,87.7,88,2102300,87.13,161,161.1,159,160.6,482600,155.93,52.7,52.95,52.45,52.55,3743400,50.31
"2009-12-28",138.5,138.9,137.8,138.3,1153500,138.3,97.85,98.8,97.85,98.55,722900,96.25,339.6,340.4,337.4,337.7,763200,337.7,90.35,91.3,90.3,91.2,1248100,88.51,811.2,816.8,805.6,808,780000,390.73,57.3,57.75,56.65,56.95,571600,56.95,88.55,89,87.7,88,1569200,87.13,161.7,162,159.4,159.9,251800,155.25,52.8,52.95,52.5,52.85,2599500,50.6
"2009-12-29",138.4,139.4,137.7,138.5,1340400,138.5,98.8,99.5,98.1,98.75,829300,96.44,339.5,339.7,335.4,336.7,1082000,336.7,91.3,93.2,91.3,92.55,2290100,89.82,807.4,813,805.8,807.4,1649800,390.44,56.85,57.65,56.8,57.25,745200,57.25,88.1,88.8,87.8,88.05,2219100,87.18,159.8,160.5,158.2,158.7,470400,154.09,52.8,53.05,52.65,53.05,2852600,50.79
"2009-12-30",138.4,138.7,136.5,138,2288400,138,99,100.2,98.35,99,1544500,96.69,336.4,338,334.3,335.2,887000,335.2,92.05,92.95,91.2,92.1,2025100,89.38,807.6,807.8,794.8,794.8,6300,384.34,57.4,57.4,56.4,56.6,1021000,56.6,87.65,88.6,86.4,86.4,3084000,85.55,158,159.8,156.2,156.9,652400,152.34,53,53.35,51.75,51.85,5193500,49.64
"2010-01-04",138.2,138.6,137.6,138.6,2356100,138.6,100,101.6,99.45,101.3,1479500,98.93,337.6,337.6,333.2,334.6,1020700,334.6,92.5,96,92.5,95.35,4222200,92.53,796.6,801,792.4,796.8,18200,385.31,57.1,58.35,57,58.15,1215000,58.15,87.4,88.65,87.3,88.5,3782300,87.63,156.6,157.7,152.9,154.6,1228700,150.11,51.75,52.1,51.35,52.05,6573200,49.83
"2010-01-05",138.7,139.6,138.5,139.1,1081100,139.1,101.7,102.6,100.6,101,952400,98.64,334.6,335.2,330.9,332.9,19300,332.9,96,99.3,95.9,99.3,4189600,96.37,798,798,786,792,1205000,382.99,58.4,60.25,58.25,60.25,1205200,60.25,88.7,88.95,88,88,2576300,87.13,155.2,155.5,153.6,155,5000,150.5,52.35,52.45,51.9,52,5319800,49.78
"2010-01-07",141,143.4,140.8,142.8,3910100,142.8,102,104.4,101.6,104.1,77500,101.67,329.1,332.1,327.3,331,1874300,331,99.15,105.5,98.85,103.6,8814500,100.54,788.4,790.6,780,785.4,2545900,379.8,60.55,60.9,59.85,60.4,2213100,60.4,86.8,88.65,86.8,87.7,6129800,86.83,152.7,154,152,153.9,1492200,149.43,51.15,51.65,50.65,50.8,12103100,48.64
"2010-01-08",143.5,145.6,143.5,145.6,4170000,145.6,104.8,105.6,103.6,105,1704100,102.55,332.3,334.6,330.6,331.9,866400,331.9,103.9,104.7,101.9,103.5,5426900,100.44,786.6,789.6,782.4,784.8,1530700,379.51,60.55,60.8,59.7,60.3,1226100,60.3,88,89.35,87.95,89.2,4337800,88.32,153.5,154,151.8,152.1,1178100,147.68,51.1,51.65,50.65,51.65,9248100,49.45
"2010-01-11",146.7,147.2,144.2,144.8,3959900,144.8,105.9,106.5,104.6,105,1640900,102.55,332,335.1,331.3,335.1,878000,335.1,104.7,106.1,103,103.3,4606500,100.25,794.6,811.8,789.8,808.2,3777300,390.82,60.6,61.85,59.95,60.05,1601800,60.05,89.85,91.1,89.75,89.75,4177500,88.86,152.2,153.4,150.5,151.2,26000,146.81,51.95,52,50.8,51.25,11755800,49.07
"2010-01-12",144.5,144.5,141.8,142.3,2696000,142.3,104.9,104.9,101.8,102.5,2092400,100.11,334.7,336.9,333.3,334.1,1432000,334.1,103.5,103.7,99.75,100.3,6184400,97.34,807.4,812.6,804,806.2,1750000,389.86,60.2,60.25,58.55,58.95,1370800,58.95,89.25,89.65,86.95,87.05,5861500,86.19,151.2,152.8,149.6,152.3,995800,147.88,51.05,51.45,50.3,50.5,6848900,48.35
"2010-01-13",141.8,142.5,140.5,141.4,2633200,141.4,102.8,103.5,101.9,103,1755000,100.59,335.1,339.8,334.8,339.4,2911600,339.4,100,101.9,99,100,4756000,97.05,801.6,814.8,801.6,814.8,17000,394.02,60,60.25,59.15,59.95,1868600,59.95,86.3,88.4,85.55,87.8,6837800,86.93,152.6,153.7,152.1,152.1,977000,147.68,50.3,50.75,49.56,49.75,13724100,47.63
"2010-01-14",141.9,142.9,141.7,142.3,2467900,142.3,103.8,104,102.2,102.6,1787400,100.2,339.4,347,338.6,346.1,2505000,346.1,102.5,102.5,100.2,100.6,3709700,97.63,817,817,807,811,3577400,392.18,60.5,60.7,59.95,60.35,1498700,60.35,88.25,88.9,87.8,88.1,4839400,87.23,152.7,153.2,151.1,152.2,1121300,147.78,50.3,50.5,49.75,50.1,16954600,47.97
"2010-01-15",142.9,143.6,141.1,142,51800,142,103,103.4,99.8,100.8,7200,98.44,347.4,348.3,344.5,344.9,1294200,344.9,101,101.8,100.2,101.4,4279700,98.41,812.4,814.6,800.4,802,5800,387.83,60.45,60.45,58.7,58.75,1328800,58.75,87.05,87.7,86,86.65,21300,85.79,154.8,160.4,154.3,157.6,3363500,153.02,50.45,50.45,49.71,49.71,8347200,47.59
"2010-01-18",141.8,141.9,140.2,141.2,1737600,141.2,100.8,101.3,99.65,101.3,2011000,98.93,346,348.2,343.8,346.9,2068400,346.9,102.1,106.6,102.1,106.3,10700,103.16,802.2,805.8,796,802.2,2551100,387.92,58.85,60.4,58.85,59.5,974200,59.5,86.55,87,85.8,86.25,4105600,85.4,157.9,160.1,157.1,159.1,1160400,154.48,50.35,50.7,49.95,50.25,8217700,48.11
"2010-01-19",139.8,139.8,136.7,139.8,4843000,139.8,100.9,102.5,100.2,102,3118100,99.62,346.8,356.3,346.4,355.5,2333700,355.5,106.1,108.7,104.8,108.5,8500,105.3,799,816.4,798,815.2,1767900,394.21,59.6,61,58.9,61,2109500,61,85.25,86.2,83.8,86,8279800,85.15,159.1,159.8,156.9,157.3,1386500,152.73,50.35,50.6,50.15,50.3,7739600,48.16
"2010-01-20",139.2,139.5,135.7,136.1,3227700,136.1,102.7,104.4,102,102.4,53200,100.01,356.9,361.1,355.7,356.2,2530500,356.2,108.6,108.6,104.1,104.3,8117700,101.22,810.4,822,803.6,804,1757500,388.79,61,61.5,59.65,59.65,2417300,59.65,85.35,85.65,83.15,83.45,5872800,82.63,157.3,159,155.3,155.4,1274300,150.89,50.3,50.7,49.6,49.6,6956800,47.49
"2010-01-21",137.1,137.4,134.1,134.4,3135300,134.4,103.3,104.4,101.5,101.5,12300,99.13,361,366.3,359.9,359.9,19700,359.9,105.8,107.1,102.2,102.6,7612600,99.57,808,817.4,800,803.4,2016700,388.5,60.15,60.2,59.1,59.35,2099900,59.35,84,84.35,81.65,82.1,8042600,81.29,156.6,157.6,155.7,156.2,1256500,151.66,49.9,50.35,49.62,49.62,9515300,47.51
"2010-01-22",134.3,135.4,132.6,133.4,3234500,133.4,101,103,99.6,101,2542500,98.64,358.5,361,355.1,355.4,1499500,355.4,102.1,104.6,100.7,103.3,8104000,100.25,800,809.4,798,802,1967600,387.83,59.25,59.3,57.65,58.1,1563500,58.1,81.8,82.3,80.65,81.8,7307900,80.99,155.3,157.1,148,154.5,1178500,150.01,49.58,50.3,49.38,49.55,9494700,47.44
"2010-01-25",132.3,135.5,132.3,133.8,3294200,133.8,99.55,102.4,99.25,100.5,1604900,98.15,355.4,358.5,353,358.5,1185000,358.5,102.6,106.7,101.8,103.2,6827000,100.15,795.2,806.2,792.8,801.8,1487400,387.73,58,58.9,57.3,58.5,1229400,58.5,80.9,83.65,80.65,83.15,8487200,82.33,153.9,155.1,153.1,154.8,984500,150.3,49.69,49.96,49.23,49.41,7990100,47.3
"2010-01-26",133,135.7,132.8,134.6,3312100,134.6,100,100.8,99,100.5,1671500,98.15,360.4,365.7,357.4,363.8,2293100,363.8,101.9,103,100.5,101.5,1100,98.5,800.2,808.8,797.8,808.8,2751100,391.11,58.15,58.4,57.15,57.6,2204900,57.6,82.4,82.95,81.4,82.95,5685800,82.13,153.5,155.9,153.5,155.3,778900,150.79,49.2,49.34,48.75,48.86,8768800,46.78
"2010-01-27",134.6,138.5,134.2,136.5,3495900,136.5,100,102.9,99.55,102,1816700,99.62,363,363.3,359.5,359.5,1542400,359.5,99.75,103.3,98.65,101.1,9006800,98.11,805,811,800.8,804.6,1777200,389.08,57,58.1,56.55,57.2,1893200,57.2,82,84.15,81.55,83.4,8400100,82.58,154.6,156.5,154.5,156,1084200,151.47,48.61,50.2,48.41,49.79,13819000,47.67
"2010-01-28",138.1,138.5,133.2,134,4491800,134,102.8,103.2,97.5,98.3,3281400,96,361.3,362.1,341.7,343.8,5775200,343.8,103.1,103.1,97.2,97.8,9173700,94.91,860,880.4,855,872,120900,421.68,57.7,57.95,55.5,55.6,2265800,55.6,85,85.2,79.3,79.85,12660000,79.06,156.7,156.9,154.7,155.9,1556500,151.37,49.93,50,48.87,48.95,12247700,46.86
"2010-01-29",134.1,135.9,132.4,135.4,2258000,135.4,99.2,102,98.35,101.2,2140100,98.84,343.7,345.3,340.1,343,2527800,343,99,100.8,96.9,99.85,9136200,96.9,876,880,869,875,3521600,423.13,55.4,57.25,55.25,56.7,2674100,56.7,80.5,82,79.5,81.2,5830600,80.4,155.9,156.5,154.6,155.6,1087100,151.08,49.19,50.05,49.05,49.89,10033100,47.76
"2010-02-01",133.3,134.6,133,134.3,2159900,134.3,101,102.1,100.2,101.7,1432300,99.32,341,344.6,339,340,2721000,340,99.5,102,97.75,102,5924100,98.99,876.2,909.8,872.4,900,4932300,435.22,56.3,56.75,56.1,56.55,1014800,56.55,80.65,82.7,80.45,82.6,3920800,81.78,155.4,156,154.3,156,891400,151.47,49.74,50.45,49.51,50.4,6558100,48.25
"2010-02-02",134.6,136.8,133.7,136.7,1769700,136.7,102.6,102.7,100.5,102.3,2100700,99.91,340.2,340.5,337,338.9,3202100,338.9,103.2,104.7,101.2,103.7,6432900,100.64,897.4,906,892,899.4,2175100,434.93,56.75,57.95,55.5,57.95,3179000,57.95,82.8,82.95,80.7,82.15,7307000,81.34,156.6,157.8,155,157.8,1141800,153.22,50.3,50.35,49.7,50,6529500,47.87
"2010-02-03",136.2,136.9,135.2,136.1,1864400,136.1,102.9,105.2,102.6,104.2,2534800,101.77,327,329.1,325.5,326.5,22700,326.5,105,107.2,104.3,105.2,15100,102.09,898.8,901.8,886,891,16800,430.86,58.1,58.65,57.4,57.6,1571600,57.6,80.15,84.85,79,84.3,20550200,83.47,158.3,158.5,156.6,157.5,522200,152.92,50.6,51.25,50.3,50.8,10115400,48.64
"2010-02-04",135.8,136.9,134,134.2,1962700,134.2,104.3,105,101.7,101.7,1735900,99.32,326.7,328.1,324.2,325,1222500,325,104.6,104.6,98.6,98.6,35300,95.69,884.4,888,873.6,875.4,2441100,423.32,57.6,57.95,56.85,57.05,1841500,57.05,84.3,85,81.6,81.8,6628700,80.99,157.4,157.5,155,155.9,1192900,151.37,50.9,51.35,50.4,50.4,7239100,48.25
"2010-02-05",132.6,133.3,130.6,130.7,3944300,130.7,101,101.3,97.7,99.25,3915200,96.93,323.6,326.6,319.4,319.5,2062700,319.5,98.45,98.45,94.05,96.2,15425300,93.36,869.6,879.8,862.4,867,2991900,419.26,56.45,56.7,55.4,55.75,2342300,55.75,81.6,82.05,79.75,80.35,7565800,79.56,155.4,156.3,152.3,155,1820800,150.5,50.25,50.7,49.4,49.48,13577900,47.37
"2010-02-08",131,131.8,129.5,130.5,1870000,130.5,100.5,100.5,97.25,99.2,2369700,96.88,319.6,323.4,316.3,323,1407300,323,98,99.35,92.4,95.25,9542500,92.44,870.2,873.2,858.4,871.2,2063200,421.29,56.2,56.2,53.55,55,2059800,55,80.4,81.15,78.3,79.6,5336500,78.81,155.8,159.3,155.1,158,1699000,153.41,49.5,49.9,48.95,49.88,8432800,47.75
"2010-02-09",129.7,132.4,129.3,131,2005900,131,100,103.4,96.5,101.2,6830700,98.84,325.7,327.2,321.6,324.2,1444700,324.2,95.5,99.35,94.9,98,6972100,95.11,866,879.4,866,870,1374500,420.71,55,56,54.3,55.65,1843900,55.65,79.5,80.95,79.15,80.05,5714200,79.26,157,157.3,156.2,157.3,1326100,152.73,50,50.55,49.35,50.25,7246100,48.11
"2010-02-10",131.9,132,128.6,129,2352000,129,101,102.3,100.3,101.1,2500700,98.74,326.7,326.8,321,322.5,904000,322.5,100,100.9,95.25,96.25,6279800,93.41,877.2,879.6,864.2,870,1211700,420.71,56,56.2,55,55,1514200,55,81.25,81.9,78.85,79.75,5233100,78.96,158.3,159,155.4,157.5,886900,152.92,50.5,51,49.85,50.2,10218800,48.06
"2010-02-11",130.6,132.2,129.2,130.7,2902500,130.7,101.5,102.8,99.9,101.3,2272900,98.93,324.8,324.8,320,321,1177900,321,97.7,98.35,94.7,96.25,6168300,93.41,875.2,880,867.2,875,1235000,423.13,55.25,56.95,55.25,56.3,1822200,56.3,80.3,81.45,79.6,80.5,4757800,79.71,158.5,159.2,156.7,158.5,1199600,153.9,51.1,51.35,50,50.5,12441100,48.35
"2010-02-12",131.6,131.9,128,129.3,2580200,129.3,102.6,102.9,99.2,100,2411400,97.66,320.1,323.3,316.1,317.5,1111500,317.5,97.7,99.15,86.25,88.1,18614000,85.5,875,877.8,860.4,867,1571200,419.26,56.6,56.75,54.75,55.1,1921300,55.1,81,81.55,77.4,77.75,8115000,76.98,160,160.9,159,160.3,1674200,155.64,51,51,49.9,50.2,8454100,48.06
"2010-02-15",130,130.7,128.9,129.3,1000800,129.3,100,100.8,99.05,99.15,1367600,96.83,317.2,321,316.3,317.4,747400,317.4,89,89.05,85,86,9116900,83.46,867,875.8,850.6,853,1653800,412.49,54.95,55.6,53.8,54.15,1195400,54.15,78.4,78.55,75.4,76.45,7529600,75.7,160.6,160.9,158.1,158.6,741600,153.99,50.05,50.25,49.26,49.38,7690000,47.28
"2010-02-16",129.8,130.8,128.4,130.7,2016600,130.7,100.9,101.1,99.45,100.7,2494200,98.35,318.2,319,313.8,315.1,1187700,315.1,87,89.05,85.4,88,12366700,85.4,857.6,872,856.4,868.8,1735400,420.13,54.95,55.7,54.3,55.7,1228300,55.7,77.6,77.75,75.85,77.65,6860700,76.88,158.7,159,157,158.9,879100,154.28,49.3,49.64,49.17,49.6,9044200,47.49
"2010-02-17",131.5,132.6,131.1,132.5,2464500,132.5,101.3,103.1,101.1,102.7,1321600,100.3,315.8,317,312.9,316.7,1417200,316.7,89.9,90.95,89.1,89.75,6488300,87.1,876,876,865.6,871,1366100,421.19,53.2,55.8,53.2,55.2,2320700,55.2,78.5,79.8,78.25,79.4,4852200,78.62,159.2,159.3,157.6,159,604100,154.38,49.61,49.81,49.39,49.6,9060100,47.49
"2010-02-18",137.2,142,136.7,141.9,12020400,141.9,102.7,104.5,102.2,104.1,2170900,101.67,316.7,317.1,313.2,314.3,2042500,314.3,89.5,90.75,87.75,90.75,6463900,88.07,874,878,870.4,874.8,1067800,423.03,55.15,55.35,53.9,54.55,1748000,54.55,79.4,80.4,78.8,80.2,4804500,79.41,159.8,160,157.8,159.9,973500,155.25,49.7,49.74,49.1,49.5,11334000,47.39
"2010-02-19",141.5,144,140.9,144,4052700,144,103.5,105.3,102.9,105.2,1962100,102.74,313.8,318,311.9,317.5,1401700,317.5,88.95,90.1,87.8,90,7976700,87.34,874,888,870,888,1309900,429.41,54.25,54.8,53.75,54.7,1828900,54.7,79.7,81.8,79.35,81.5,7886600,80.7,159.5,161.9,159.5,161.5,1006300,156.81,49.29,50,49.1,50,8671600,47.87
"2010-02-22",144,145,142.8,144.4,2053600,144.4,105.9,106,102.9,103.5,2682000,101.08,319,319,313.1,313.5,1234700,313.5,90.7,91.75,89.95,90.35,4664700,87.68,884,886,866.8,872,1772800,421.68,54.95,55.35,54,54.3,1222400,54.3,82,82.25,80.3,80.45,2993200,79.66,161.4,161.5,159.4,159.9,680800,155.25,50,50.15,49.86,49.9,7305200,47.77
"2010-02-23",144.7,145.1,142.9,143.3,3342900,143.3,104,104.3,101.8,102,2243700,99.62,316.5,317.2,314.6,315.4,1287700,315.4,91.2,91.2,87.2,87.35,6752800,84.77,875,875.8,859.8,860.8,1260600,416.26,54.3,54.85,53.15,53.55,1397000,53.55,80.85,80.95,78.5,78.7,5328400,77.92,161,162.2,160,161,951200,156.32,49.93,50.05,49.15,49.35,7098000,47.25
"2010-02-24",143,144,141.6,143.8,2393200,143.8,102.8,103,100,100.9,3396700,98.54,316,316.3,313.4,314.1,765100,314.1,87.2,87.65,85.55,87,5682900,84.43,861.8,866.4,858.4,863.6,1131800,417.61,53.9,54.2,53.1,54,1708300,54,78.7,79.25,77,77.65,9904500,76.88,162.5,162.5,159.7,160.8,737900,156.13,49.34,49.66,49.12,49.6,7049700,47.49
"2010-02-25",143.2,143.7,142.1,143.1,1746100,143.1,100.9,101.6,99.85,100.4,2803400,98.05,315.7,315.7,310.1,310.1,1281200,310.1,86.4,87.9,85.35,85.65,5302000,83.12,860,869.6,858,863,1625100,417.32,54.25,54.25,53.05,53.7,1787000,53.7,77.45,77.7,76.15,76.45,6720100,75.7,162.9,163.9,161,163,1367500,158.26,49.45,50.05,49.32,49.8,9946500,47.68
"2010-02-26",144.4,144.5,142.2,144,1523900,144,100.6,101.7,99.55,101.1,1900900,98.74,310.9,315,310.2,313.6,1469700,313.6,86.5,87.4,85.9,87.25,2992200,84.67,863.2,868.8,858,865,1418100,418.29,54,54.25,53.65,54.15,1369000,54.15,76.85,77.4,76.1,76.75,5726100,75.99,164,164.5,161.7,162.4,1552800,157.68,50,50.05,49.03,49.35,14298100,47.25
"2010-03-01",144.8,147.2,144.7,147,3044000,147,101.9,103.4,101.7,103.2,1574500,100.79,314.1,318.6,312.5,317,1114600,317,89.75,91.85,89.7,91.6,6327300,88.9,869.6,880.8,868.4,877.8,1422100,424.48,54.15,56.85,54.15,56.5,2589600,56.5,77.7,78.6,77.4,78.5,6215900,77.73,163.5,164.8,162.2,164.4,951400,159.62,49.61,50.5,49.54,50.4,9357200,48.25
"2010-03-02",147.5,148,146,147.9,2255700,147.9,103.2,104,102.5,103.7,1040100,101.28,317,319.4,314.8,318.4,804000,318.4,91.3,93.8,90.65,93.5,6251600,90.74,874.4,880,872.2,877.8,812400,424.48,56.5,57.35,55.95,57.1,1175000,57.1,78.5,79.75,78.35,79.3,6749900,78.52,164.3,166,163.4,166,910400,161.18,50.3,50.75,50.1,50.6,5544000,48.44
"2010-03-03",148,149.5,147.3,149.2,2255600,149.2,104.2,105.8,103.6,104.9,2084400,102.45,318.5,320.6,318.2,320.3,1186900,320.3,93.45,95.7,93,95.1,6446000,92.29,876,882.4,872,878.4,1703200,424.77,57.25,57.95,56.95,57.95,1526900,57.95,79.25,80.3,79.05,80.1,4711900,79.31,166,167.5,165.1,165.7,1001600,160.89,50.45,50.95,50.4,50.95,6309000,48.78
"2010-03-04",148.2,149.1,147.2,148.9,2003000,148.9,104.2,105.5,103.8,104.4,1846300,101.96,319.6,322.1,319.5,321.4,1082600,321.4,94.5,97.1,93.95,96.6,7839300,93.75,876,885.4,871,882.6,1462700,426.8,57.55,59.75,57.2,59.05,2973000,59.05,80.1,81.5,79.75,80.9,10319700,80.1,165.8,167,165.1,166.2,715600,161.37,50.5,51.05,50.45,50.9,5999600,48.73
"2010-03-05",149.1,150,148.3,149.3,1559000,149.3,105,107,104.5,106.6,1499500,104.11,319.4,323.1,319,323.1,1215200,323.1,97.45,98.45,96.85,98.15,5328700,95.25,888,903.6,884.8,900.4,1826400,435.41,59.4,59.75,58.55,59.5,1891000,59.5,80.8,83.85,80.8,83.4,8799300,82.58,166.5,167.4,164.6,165.6,775100,160.79,50.85,51.25,50.45,51.25,9504800,49.07
"2010-03-08",150,150.6,148.5,150.2,1714900,150.2,106.9,108.3,106.6,107.8,2130700,105.28,322,322,315.7,316.3,1729000,316.3,98.65,99.3,97.55,98.05,3745200,95.15,906,909,898.2,906,1171000,438.12,59.8,59.8,59.1,59.5,1069600,59.5,84,85.2,83.65,84.35,6565400,83.52,165.3,165.8,164,164.2,478800,159.43,51.35,51.5,51,51.2,5205800,49.02
"2010-03-09",150.5,150.9,148.1,150.2,1960500,150.2,108,109.1,107.3,108.9,1828900,106.36,317,317.6,315.2,316.9,871700,316.9,97.5,97.9,96.3,97.1,3267100,94.23,905.2,909.2,902.8,908,1168100,439.08,60,60.75,59.6,60.3,1610200,60.3,84.1,84.7,83.35,84.5,5149400,83.67,163.9,164.9,163.2,164.4,620000,159.62,51.35,52,51.15,51.8,6374800,49.59
"2010-03-10",149.9,150.7,148.9,150.4,1635200,150.4,109,110.2,108.2,110,1478300,107.43,317.3,317.3,313.7,314.4,1342700,314.4,97.05,98.5,96.6,98.45,3446200,95.54,905.8,923.2,901,922,1819000,445.85,60.3,60.75,60,60.25,1488300,60.25,85.65,87.5,84.85,87.05,12170900,86.19,163.8,165,163.8,164.8,625700,160.01,51.8,51.9,51.35,51.8,6202200,49.59
"2010-03-11",149.7,150.2,147.6,148,2633700,148,109.8,111.7,109.3,110.4,2236700,107.82,314.3,316.7,312.6,313.8,1159500,313.8,98.15,98.8,96.55,97.3,4957800,94.43,918.2,925.6,914.2,917,1639400,443.44,60.1,60.45,59.65,59.85,1577800,59.85,86.7,87.3,86.05,86.6,4934300,85.75,164,165.2,163.4,164,655400,159.24,51.5,51.8,51.3,51.7,5675200,49.5
"2010-03-12",148.4,150,148,148.7,2287700,148.7,110.5,111.3,109.4,110.1,2461700,107.53,314.4,314.4,311.9,312.9,1377800,312.9,97.5,98.5,97.35,97.9,3327600,95.01,922,929.8,917.4,925,1356700,447.3,60.05,60.7,59.85,60.1,2287500,60.1,87,90.1,86.7,88.8,12146900,87.92,163.7,164.8,163,163,685500,158.26,51.6,52.4,51.55,52,6106600,49.78
"2010-03-15",149.4,149.9,148.6,148.9,1772800,148.9,110,110.3,107.8,107.8,1511300,105.28,312.7,313.8,311.7,313,1225300,313,97.7,98.05,95.75,96,4024000,93.17,925,931.6,922.2,924.8,1232000,447.21,60.15,60.75,59.65,60.6,1340300,60.6,88.8,88.85,87.35,87.7,4808400,86.83,162.4,166.9,162,166.1,1603700,161.27,52,52.2,51.65,51.65,3939100,49.45
"2010-03-16",149.4,151.1,149,151,1646500,151,108,109.7,108,109.7,1286000,107.14,313.5,314.5,312.4,313.8,993300,313.8,96.7,97.4,96,97.35,2682800,94.48,926,929.8,921.2,927.2,1442800,448.37,60.75,61.8,60.75,61.7,2056700,61.7,88,88.8,87.4,88.4,5039600,87.53,167.3,168,166.1,167.9,1266100,163.02,51.85,52.2,51.4,52.2,5345800,49.98
"2010-03-17",151.2,153.6,151.2,152.9,2087300,152.9,110,110.7,109.5,109.7,1395300,107.14,314.3,316.7,313,313.8,2126900,313.8,97.9,98.6,96.8,96.9,3758600,94.04,931,955.6,931,949,3069300,458.91,61.85,63,61.75,62.45,1677600,62.45,89.1,90.15,88.9,89.55,4218200,88.67,167.9,168.4,166.8,167.5,753000,162.63,52.2,52.4,52,52.4,5447800,50.17
"2010-03-18",152,153.4,152,152.9,1425200,152.9,109.9,109.9,108,108.4,1605900,105.87,314.7,319.4,314.5,317,1794000,317,96.05,96.65,95.3,95.5,3237000,92.68,945.6,949.2,940,943,1559000,456.01,62.25,62.5,61.65,61.65,1356800,61.65,89.1,89.8,88.8,89.25,4070300,88.37,167.4,168.7,165.5,168.1,1075100,163.22,52.4,52.4,52,52.2,4146200,49.98
"2010-03-19",154.3,154.9,150.8,150.8,3803200,150.8,108.5,109.4,107.6,108.7,1647600,106.16,317.7,320.5,315.8,316.1,2426000,316.1,96.5,96.9,94.6,94.75,4358100,91.95,947.4,955,945.2,952.2,2372900,460.46,62,62.45,61.15,61.6,1294400,61.6,89.4,91.05,88.6,88.9,9552100,88.02,167.7,171.6,167.7,171.1,1245500,166.13,52.3,52.6,51.8,52.25,13165000,50.02
"2010-03-22",151,154.4,150.4,153.6,1841500,153.6,108.5,109.2,106.6,108.2,1712700,105.67,316.9,324.4,315.1,323,1908800,323,94.85,95.6,92.7,95.3,3608300,92.49,951.2,958.4,940.8,954.6,1586600,461.62,60.1,61.85,60.1,61.5,1151400,61.5,88.7,89.45,87.65,88.95,4724600,88.07,170.8,171.6,169.7,170.5,796600,165.55,52.1,52.3,51.6,52,5766800,49.78
"2010-03-23",154,156.2,153.6,156.1,1820200,156.1,108.1,110.7,108.1,110.6,1616200,108.02,324.9,324.9,320.9,322.4,1291100,322.4,95.45,96.7,95.4,96.5,2923900,93.65,955.2,957,944.2,952,1364700,460.36,61.6,62.15,61,61.7,993000,61.7,89.35,91.1,88.95,91.1,4649000,90.2,171.2,172.4,170.5,171.5,698100,166.52,52.1,52.2,51.9,52.1,6118500,49.88
"2010-03-24",156.1,156.5,154.2,155.9,1736900,155.9,110.7,111.3,108.9,109.9,1365500,107.33,323.4,324.9,322,324.3,1337100,324.3,96.65,97.5,95,96.2,3195700,93.36,954,955,938.2,948.4,1181900,458.62,61.65,61.95,60.75,61.2,958200,61.2,91.5,91.9,89.85,91.3,4863900,90.4,172,173.4,170.8,172.2,566000,167.2,52.35,52.35,51.7,51.85,4898700,49.64
"2010-03-25",155.1,157.5,154.2,156.5,1516700,156.5,110,110.9,109.5,110.9,1088500,108.31,324.5,326.6,323.8,324.1,1611200,324.1,96.2,97.95,95.75,97.8,2822400,94.91,951,967.2,948.6,963.6,1951500,465.97,61.2,62.45,61.2,62.15,1681400,62.15,90.95,91.55,90.35,91.3,3634300,90.4,172.8,173.5,170.9,171.7,944300,166.71,51.7,52.45,51.7,52.15,5874400,49.93
"2010-03-26",156.5,157.1,155.3,156.2,1206000,156.2,111.2,111.2,109.6,110.9,767800,108.31,325,325,321.8,324.1,805800,324.1,97.75,98.75,97.4,98.45,3098800,95.54,963.6,966,950.8,956.2,1532300,462.39,62,62.7,61.75,62.5,1375900,62.5,91.4,91.4,90.15,90.5,3839900,89.61,171.6,172.8,170.8,172.7,628500,167.68,52.05,52.45,51.9,52.35,5238700,50.12
"2010-03-29",158,158,154.9,156.3,1466600,156.3,111.1,112.1,108.2,108.8,1825900,106.26,323.7,325.9,322.1,324.5,878500,324.5,99.15,100.7,99.1,100.2,4090100,97.24,958.6,963,954.4,957,1045600,462.78,63,63.35,61.95,62.45,1708700,62.45,91.1,91.55,89.5,89.75,3785100,88.86,173.6,174.7,172.7,173,650500,167.97,52.5,52.75,52.35,52.35,5422700,50.12
"2010-03-30",156,157.6,155.5,156.9,1230300,156.9,108.3,108.5,105.7,107,2938000,104.5,324.5,324.9,321.9,323.5,1452700,323.5,100.8,102.4,100.7,101.4,4619000,98.41,962.4,963.2,951.4,952,1233500,460.36,62.45,62.95,61.1,61.4,2629500,61.4,90.5,90.75,89.45,89.75,3384000,88.86,173.2,173.7,171.1,172.1,681100,167.1,52.65,53.2,52.3,52.35,7580100,50.12
"2010-03-31",157,158,155.9,157.9,2191300,157.9,106.3,107.1,105.4,106.3,2312100,103.82,323,323.2,319.9,321.7,1532100,321.7,101.5,103.2,100.8,103.2,5306200,100.15,952,952,936.6,938.2,2563500,453.69,61.4,62,60.8,61.15,1593700,61.15,89.65,90.5,89.3,90.25,5174800,89.36,172.5,173.2,170.8,172.6,702600,167.59,52.5,52.55,51.25,51.25,17267600,49.07
"2010-04-01",158,159.5,157.2,159.5,983400,159.5,106.5,108,106.4,107.8,804900,105.28,322,323.9,321.7,323,542100,323,104,108,103.5,107.6,4877000,104.42,946,954.2,942.6,954.2,869500,461.43,61.45,62.5,61.45,62.25,1562900,62.25,91,94.35,90.55,94.25,5546900,93.32,173.1,173.6,172.5,172.5,407300,167.49,51.75,52.35,51.6,52.25,5338200,50.02
"2010-04-06",158.9,161.1,158,161.1,3359600,161.1,108.4,110.1,108.2,109.9,2341600,107.33,323.6,324.5,319.1,321.2,1029300,321.2,107.8,111.7,107.7,111.7,6302700,108.4,954,963.8,952.4,953.6,1659800,461.14,51,53.15,48.75,53.1,4222100,53.1,94.4,97.8,94.3,96.5,10226500,95.55,171.5,174.2,171.5,174.2,671200,169.14,52.25,52.55,52.05,52.4,8481900,50.17
"2010-04-07",161,161.2,159,159.4,2455900,159.4,110.2,110.5,108.8,109.3,1582000,106.75,321,325.9,320.1,325.6,1345400,325.6,112.3,112.3,110.2,110.7,3650500,107.43,952.4,953.6,938.2,941.6,1979000,455.33,53.1,53.5,50.75,51,4007000,51,96,96.4,93.9,94.4,6243200,93.47,174.9,175.1,173,173.7,511000,168.65,52.55,52.85,52,52.8,13329100,50.55
"2010-04-08",159,159.3,157,157.9,1918500,157.9,109,109.3,107.6,108.7,1496700,106.16,326,326.6,323.2,324.2,881800,324.2,109.8,109.9,107.5,109.2,5099900,105.98,977.4,999,972,993,5906700,480.19,50.9,50.9,49.65,50,2328200,50,94.4,94.5,92.55,94.2,5297300,93.27,172.9,172.9,170.6,172.4,645800,167.39,50.15,50.4,49.55,49.75,13615900,49.75
"2010-04-09",158.5,160.6,158.4,160.5,1516200,160.5,109.4,110.3,108.9,110,1117000,107.43,324.2,326,323.5,324.8,611600,324.8,109.9,112,109.8,112,2820500,108.69,999,1006,982.8,986.6,2479700,477.09,50.6,50.6,50,50,1881500,50,94.6,95.5,94.5,95.3,2298400,94.36,172.6,173.4,172,173.4,550800,168.36,50,50.1,49.72,50.1,11168700,50.1
"2010-04-12",160.9,161.9,160.3,161.3,1283400,161.3,110.5,110.6,109.7,110.2,1015800,107.63,324.8,326,323,324.5,794700,324.5,113,113.6,112.3,112.6,2898200,109.28,994.2,994.2,974.2,980,1935900,473.9,49.8,51.2,49.78,50.75,1686200,50.75,96.2,96.45,94.9,95.65,3012900,94.71,173.5,174.3,172.5,173.6,327300,168.56,50,50.15,49.42,49.42,9661900,49.42
"2010-04-13",160.3,160.9,158.6,160.3,1983900,160.3,109.5,110.4,108.7,110.2,1745300,107.63,324,327,323.7,325,1137500,325,110.6,110.6,109,110,5521500,106.75,980,984.4,976.4,982,1165100,474.87,50.6,50.7,49,49.3,2271400,49.3,93.4,94.25,91.6,94,8493400,93.07,173,173.6,171,171.4,944100,166.42,49.4,49.62,49.25,49.39,6146800,49.39
"2010-04-14",161,161.2,159.5,160.6,1398400,160.6,110.9,111.1,109.8,111.1,1763500,108.5,324.9,325,321.9,322.3,1032700,322.3,111.3,113,110.8,113,4274100,109.66,983,989.8,981.4,989.8,1257000,478.64,49.33,49.77,49.13,49.77,1987500,49.77,94.2,94.6,93.25,94.05,4734600,93.12,171.1,173,170.8,170.8,850800,165.84,49.59,50.05,49.46,49.79,10141800,49.79
"2010-04-15",160.9,161.2,159.7,160.4,1174000,160.4,111.4,111.8,110.3,111.3,1226500,108.7,322.3,324.3,320.9,323.6,1053600,323.6,113.2,113.5,111.4,112.8,3733200,109.47,990.2,990.4,980.8,985,1089300,476.32,50,50.1,49.44,49.87,1665100,49.87,94.5,96.25,93.6,96.25,7735400,95.3,171.8,172.1,170.2,171,873500,166.03,50,50.05,49.63,50,7441200,50
"2010-04-16",160.5,161.8,159.3,160.1,3428700,160.1,111.2,113.7,111.2,112.5,3038200,109.87,323.6,325.1,322.1,325,1252000,325,112.4,113.9,110.8,111.8,5410800,108.5,987.2,988.4,978.2,984.4,2032800,476.03,49.52,49.74,48.32,48.49,1767300,48.49,100,103.5,99.75,100.8,21570100,99.8,171.2,172,168.6,169.5,948400,164.58,49.9,50.15,49.73,49.8,9461300,49.8
"2010-04-19",159.5,161.3,157.7,159.4,2204100,159.4,112.5,113.7,111.4,112.4,2009100,109.77,325.5,326.8,322.5,323.3,977800,323.3,109,109.8,107.7,109,6543300,105.78,977,985.6,974.2,976.4,1508900,472.16,47.8,48.15,47.15,47.86,1827700,47.86,100,101,98.2,98.75,6361000,97.78,169,171.4,168.1,169.5,649300,164.58,49.49,50.2,49.47,50.05,9809500,50.05
"2010-04-20",159.5,161.6,158.7,160.4,2198100,160.4,113.3,114.9,112.2,114,1373200,111.34,323.8,327.5,323.8,326.7,1344500,326.7,109.9,112.1,109.6,111.3,3941400,108.01,984,989,977.2,984,1191000,475.84,48.1,48.19,47.53,48,1469900,48,99.8,102.1,99.05,101.5,5259400,100.5,170.7,171.6,169,170.8,473700,165.84,50.6,50.7,49.64,49.9,12320000,49.9
"2010-04-21",160.5,161.6,158.3,159,3214300,159,114.9,114.9,111.5,111.7,1929000,109.09,327.1,328.9,325.2,325.5,1187400,325.5,111.5,112.2,108.3,108.5,3834000,105.3,986,990.8,971,971.4,1989200,469.74,48.01,48.23,46.29,46.52,2881300,46.52,102,102,99.1,99.1,6608900,98.12,171.9,171.9,167.1,167.4,1234000,162.54,50,50.1,49.75,49.8,9968600,49.8
"2010-04-22",150.3,151.2,144.2,147.2,13083400,147.2,111,111.1,107.8,108.7,3187500,106.16,325.4,327.6,322.8,324.5,997100,324.5,108.5,110.4,106.3,107.7,4557700,104.52,971.4,984,968.4,979.6,1800400,473.71,46.53,47.51,46.41,47,2330200,47,98.95,99.9,97.4,98.85,5047800,97.87,168,170.8,166.6,169.1,906500,164.19,49.9,50.2,49.54,50.1,16433400,50.1
"2010-04-23",148.7,150.4,147,150.1,6774600,150.1,108.7,110.5,108.7,109.6,2558000,107.04,324.5,325.5,319.6,320.8,1420300,320.8,107.4,110.6,106.1,110.5,4450600,107.24,982.6,990.6,980.2,986,1793700,476.8,47,47.7,46.64,47.49,1895500,47.49,99.9,105.4,98.9,105.1,9932000,104.06,170,170.5,167.2,168.6,1529300,163.7,50.15,50.35,49.81,50.15,12443600,50.15
"2010-04-26",151.3,151.8,149,149,3160600,149,111.4,113.3,105.3,107,6949600,104.5,322.6,324.4,322,322.6,1078200,322.6,110.8,113.1,110.8,112,4163900,108.69,993,994.6,981.8,981.8,1642000,474.77,47.84,48.86,47.64,47.7,2532500,47.7,106.3,108.3,106,107,8956100,105.94,168.7,168.8,166.1,166.8,937400,161.95,50.45,50.5,49.89,49.91,8298400,49.91
"2010-04-27",148.6,148.6,144.9,144.9,3443500,144.9,105.7,109.3,103.5,106.4,5385500,106.4,322.4,322.7,315.7,315.9,1619700,315.9,112,112.1,101.6,101.6,14126700,98.6,987.8,988.4,973.8,973.8,2222300,470.9,47.72,47.91,46.06,46.11,2667600,46.11,106.9,107.1,103.5,103.5,5818400,102.48,167.7,167.7,163.5,163.5,1549000,158.75,50,50.15,49.29,49.36,11616100,49.36
"2010-04-28",143.9,145.2,141,141.2,6049700,141.2,105.6,107.6,104.5,106,3498300,106,315.8,317.5,312,314.7,1472800,314.7,99,100.4,95.55,97.5,11447800,97.5,971.6,979.4,960,960.6,2468800,464.52,46,46.3,45,45.17,2233800,45.17,103.3,104.4,100.6,102.2,7623100,101.19,159.2,161,156.5,156.5,1784200,156.5,49.12,49.63,48.72,48.75,13825700,48.75
"2010-04-29",142,144,141.2,142,4505800,142,106.1,109.5,105.4,109.3,2111500,109.3,316.3,326.9,315.9,322,3400100,322,99,103,97.05,102.2,5907900,102.2,969.6,974.8,962,974,1780200,471,45.09,45.68,44.59,45.3,1693300,45.3,102.2,105.5,101.6,105,5472300,103.96,157.8,168,157.6,164.4,2162000,164.4,48.87,49.68,48.62,49.65,10632400,49.65
"2010-04-30",141.1,143.3,140.1,140.9,2089800,140.9,109.9,110.1,108.3,108.9,1292600,108.9,322.2,322.6,318.1,320.5,1003300,320.5,102.4,103.9,100.3,100.9,2993500,100.9,949.8,949.8,928.8,928.8,1600900,464.4,45.59,45.6,44.46,44.47,735000,44.47,105.9,106.5,104.6,105,3330200,103.96,165.3,166.6,160.1,165.4,790300,165.4,49.36,49.96,49.22,49.8,6640100,49.8
"2010-05-03",140,141.8,139,141,1889000,141,108.9,109.9,107.6,109.6,1034600,109.6,320.9,322.5,319,322.3,546500,322.3,99.1,99.5,97.2,97.75,4222300,97.75,927,961.6,926.6,959.8,1755500,479.9,44.61,45.33,44.28,45.04,1415000,45.04,104.3,106.2,103.7,105.5,3085200,104.46,165.8,166.4,162.7,164.8,698500,164.8,49.88,50.05,49.85,49.96,5526900,49.96
"2010-05-04",142.2,142.7,137.4,138.1,4470700,138.1,109.2,109.3,104.4,104.6,2466200,104.6,320.9,325.1,319.9,324.6,2169700,324.6,97.9,98.15,93.05,93.5,6919100,93.5,969.2,969.2,940,940,2061500,470,45,45,43.41,43.47,3012700,43.47,106.4,109.1,100.1,101.3,16243800,100.3,164.3,165.8,162.2,162.6,1303800,162.6,49.95,50,48.71,48.84,10811100,48.84
"2010-05-05",137.5,141.4,137.3,137.4,4808700,137.4,103.9,105.2,101.3,102.2,2569500,102.2,323.4,327.5,323,323.4,3049900,323.4,92.45,94.5,89.9,91.8,9693800,91.8,940,946.4,916.4,919,2690900,459.5,43.3,43.43,40.83,41.38,3199000,41.38,100.1,100.7,95.6,96.3,14350200,96.3,162.5,164.3,159.8,159.8,1086600,159.8,48.75,48.86,47.43,47.5,14581300,47.5
"2010-05-06",136,141.6,136,138.4,5956700,138.4,100.2,103.9,99.65,100,2700400,100,323.7,327.1,321.5,322.5,2796600,322.5,90,94.2,88.55,89.7,7936600,89.7,912,923.2,890.4,896.6,3032700,448.3,41,42.34,39.94,40.16,3854200,40.16,95.45,99.15,94.3,95.1,14468200,95.1,159.5,162.3,158.4,160,1291000,160,47.18,47.64,46.55,46.57,15219000,46.57
"2010-05-07",135.1,140.9,135.1,136.5,9377200,136.5,96,100,94.95,98.65,5610300,98.65,318.3,321.1,312.3,314,4299600,314,85.05,90.5,85.05,87.9,13163900,87.9,882,890,851.4,866,4642200,433,39,39.79,37.37,37.87,4992800,37.87,92.2,94.55,88.15,91.6,21055800,91.6,156.7,160.1,152.7,156,2276200,156,46.2,46.25,44,44.76,25892600,44.76
"2010-05-10",138.5,142.2,137.5,140.4,5575200,140.4,102,104.8,101.3,104.2,2491200,104.2,313.8,321.3,309,321.3,2510900,321.3,92,95.8,92,94.65,7783200,94.65,895,907.2,884,904,3259600,452,39.25,40.1,38.7,39.19,4750100,39.19,95.2,99,94.6,97.7,11559100,97.7,157.7,162.5,156.7,162.5,1976500,162.5,45.59,47.33,45.5,47.3,20550100,47.3
"2010-05-11",139.9,141.2,138.8,140.3,3011100,140.3,104,104.8,101.1,102.5,2766900,102.5,319.6,322.9,317.3,322.4,1543400,322.4,94.2,94.2,91.25,92.8,6228300,92.8,903.6,903.6,885.2,894,1965100,447,38.8,38.8,37.07,37.51,3496000,37.51,97.4,97.85,96.05,97.2,4692100,97.2,161.8,161.8,159.4,161,1012000,161,47,47.14,46.66,46.95,15391500,46.95
"2010-05-12",141,143.1,140.9,141.5,1387700,141.5,102.6,105.1,101.8,105,938900,105,321.8,324.2,320.8,323.8,669000,323.8,93.7,95.8,92.25,94.75,4161900,94.75,895.4,914.2,890,914.2,1332700,457.1,37.58,39.63,37.11,39.43,2524100,39.43,96.1,98.3,95,98,6193800,98,161.5,162.4,159.3,161.5,324700,161.5,47.1,48.23,46.7,47.85,8346200,47.85
"2010-05-14",143.5,144.1,138.8,139.1,3039800,139.1,107.9,108.2,102.9,103.1,1996300,103.1,324.7,327,323.2,324,1333600,324,94.75,96.1,92.4,92.75,5589600,92.75,916,918.8,883.2,885,2073000,442.5,39.58,39.7,36.65,36.65,4928100,36.65,98.75,99,94.6,95.1,7827500,95.1,162.3,162.3,158,158.5,1100700,158.5,47.71,48.36,47.19,47.29,14525300,47.29
"2010-05-17",137.4,138.7,135.5,136,2621800,136,101.7,103.5,101.1,101.8,1817300,101.8,322.2,327.8,322.2,326.8,1362400,326.8,91.2,94.4,90.5,91.45,5380700,91.45,877,887.4,868,882.2,2226000,441.1,36.5,36.76,35.7,35.7,3503100,35.7,93.5,96,93.15,94.5,6911200,94.5,158.3,161.1,156.9,159.6,1448500,159.6,47.25,48.01,47.14,47.5,13054200,47.5
"2010-05-18",137.1,137.7,136,137.6,2833400,137.6,103.6,104.9,102.8,104.5,2556600,104.5,327,327.9,322.2,325.7,1429000,325.7,92,93.45,91.55,92.15,3867700,92.15,897.4,903.4,892.4,900,1657800,450,36.23,36.66,35.68,36.21,3291400,36.21,95.25,96.25,93.7,95.35,7092500,95.35,161.9,162.3,158.8,162.3,1110600,162.3,47.92,48.21,47.43,47.77,9534700,47.77
"2010-05-19",136.1,137.3,131.9,132.3,3891000,132.3,102.4,103.6,101.2,101.3,3993400,101.3,325.4,329.2,325,328,3625700,328,90.9,90.9,86.55,87.75,6553300,87.75,889.8,895.2,873.4,875.2,1729600,437.6,35.98,36.05,34.67,34.68,3960100,34.68,94,94.4,90.65,91.5,9218700,91.5,160.6,162.9,159.7,159.9,1702300,159.9,47.57,47.6,46.44,46.55,14465800,46.55
"2010-05-20",133.5,134.7,129.2,130.7,5271000,130.7,101.7,102.7,96.65,98.15,3865200,98.15,328.3,329,323.6,325.6,3098700,325.6,88.35,89.05,81.65,84,8922900,84,881.4,890,843.6,859.2,2638200,429.6,35.16,35.85,33.73,34.67,4422000,34.67,91.8,92.3,86.15,87.95,7768600,87.95,160,161.2,158,159.7,1659400,159.7,46.95,46.95,45.02,45.88,17134800,45.88
"2010-05-21",128.9,133,128,130.7,6451300,130.7,98.15,100.6,97.3,100.2,4510600,100.2,324,325,316.5,320.9,2327000,320.9,83.6,87.35,82.5,87.15,9935000,87.15,858.8,862.8,840,853.6,2399600,426.8,34.59,35.35,33.91,35.05,5751600,35.05,87.5,90.25,87.35,89.75,9812100,89.75,160.6,161.2,157.8,158.6,3041600,158.6,46,46.46,44.99,45.64,15140000,45.64
"2010-05-24",133.3,134.8,130,132.8,3424600,132.8,101.3,102.1,98,99.75,1644200,99.75,322.6,326.6,321.7,325.3,1556400,325.3,88.7,89.8,86.45,88.6,4706400,88.6,862,862.4,842.2,852.4,1258200,426.2,35.41,35.54,34.12,35.04,4035100,35.04,90.6,91.5,87.65,89,4110200,89,159.7,160.3,157,157,1732500,157,45.94,46,45.37,45.58,9427900,45.58
"2010-05-25",129.8,131,128.4,130,3537500,130,96.55,97.45,95.25,96,4307800,96,322,327.9,321.4,324.4,3323600,324.4,84.85,86.6,84.5,86.4,8022400,86.4,840,846,834,841.4,2135200,420.7,34.28,34.45,33.36,33.93,5105800,33.93,86.45,88.15,85.1,86.2,9339900,86.2,154.4,158,152.7,157,1827500,157,44.86,45.23,44.36,44.91,12191400,44.91
"2010-05-26",131.9,132.5,130.5,131.8,3234900,131.8,97.95,98,96.6,97.25,6571300,97.25,326.7,326.7,318.6,323.9,2095700,323.9,88.4,91.1,88.05,90.5,21187600,90.5,858,866.2,850.4,862.4,1936700,431.2,34.77,36,34,35.59,17328800,35.59,88.15,90.25,87,89.25,5097100,89.25,158.8,161.1,156.7,160.2,1958200,160.2,45.82,46.48,45.08,46.19,10835100,46.19
"2010-05-27",132.1,136.3,131.8,136,2666200,136,97.9,100.3,97.55,99.85,3057100,99.85,324.1,328,323.1,327.6,1202600,327.6,91.85,94.85,91.5,94.75,6458600,94.75,873.4,884,872.6,882,2509900,441,36,36.88,36,36.71,3143400,36.71,89.95,92.8,89.8,91.95,7080400,91.95,161.2,163.2,160,162.6,994400,162.6,46.46,46.9,46,46.9,9566400,46.9
"2010-05-28",136.5,136.8,134,134.3,3001800,134.3,101.1,101.2,99,99.5,2602900,99.5,328.1,330.7,326.9,329,1044000,329,96,96.5,93.7,94.25,4488800,94.25,892.4,893,880.6,885,1262400,442.5,37.15,37.2,36.04,36.09,1959700,36.09,93.75,93.75,91.8,92.35,4294700,92.35,163.9,163.9,162,163,660900,163,47.04,47.53,46.67,47.48,8507500,47.48
"2010-05-31",133.9,135.4,133.6,135.2,1243600,135.2,100,100.9,99.05,99.25,1631600,99.25,330,330.4,323.6,325,526600,325,94.3,95.45,93.55,94.5,1636600,94.5,890,894,888.2,889.4,1053500,444.7,36.1,36.34,35.59,35.8,1035700,35.8,92.65,93.45,92.3,92.75,1707900,92.75,163.7,164.1,162.4,164.1,351400,164.1,47.45,47.59,46.96,47,4680200,47
"2010-06-01",134.7,135.2,131.9,134,2050600,134,98.95,100.2,97.45,99.55,2227500,99.55,326.9,332.5,326.8,331.9,1679600,331.9,93.2,94.3,90.65,93.2,6668700,93.2,222.1,223,217.3,221.9,2443200,221.9,35.8,36.9,34.9,36.42,4131700,36.42,92.55,93.5,89.75,92.45,4866600,92.45,163.8,164.2,161.8,163.5,1065000,163.5,47.01,47.52,46.23,47.46,7947100,47.46
"2010-06-02",132.5,133.5,131.3,133.3,2125300,133.3,99.25,100.3,98.2,99.85,1329100,99.85,331,337.9,330.9,336.5,1447300,336.5,92.25,93.9,90.7,93.75,5716300,93.75,221.5,226.8,220.1,226,3056300,226,36.1,36.67,35.51,36.4,3034800,36.4,91.75,93.35,90.5,93,5018100,93,163.7,168,162.6,168,1137100,168,47.22,48.24,47.04,48.09,8153600,48.09
"2010-06-03",135,136,134.3,134.5,2078500,134.5,101.3,102.2,101.1,101.5,1212200,101.5,337.2,341.2,336.2,340.9,1276600,340.9,95.35,96.35,93.9,94.25,4332400,94.25,229.4,234,228.6,231.5,4031800,231.5,37.34,37.76,36.81,37.21,2965100,37.21,94.5,95.85,94.3,94.9,4761800,94.9,168.8,170,168.2,169.4,980700,169.4,48.4,48.92,48.32,48.76,9519700,48.76
"2010-06-04",135.9,136.9,133.3,133.5,3097800,133.5,101.4,102.9,99.25,99.75,1568200,99.75,341.9,342.9,339.4,342.2,1204800,342.2,94.25,94.45,90.55,91.2,5979500,91.2,233,233,227.1,228.9,3966900,228.9,37.41,37.9,36,36.15,2485100,36.15,95.35,96.75,92.85,93.55,6691300,93.55,169.1,170.8,167.8,168.5,2087900,168.5,48.99,49.15,48.01,48.1,13684700,48.1
"2010-06-07",132.2,135.3,132.1,133.2,2298700,133.2,98,100.2,97.6,99.2,2202100,99.2,338.6,344.6,338,342,1200300,342,88.9,90.5,87.1,88,6420400,88,226,227.5,223.7,225.2,3700000,225.2,35.37,36.03,34.83,35.43,2237500,35.43,91.7,93,90.5,90.9,5764500,90.9,166,169.6,165.7,168.9,1426300,168.9,47.56,48.27,47.38,47.8,8225300,47.8
"2010-06-08",134.1,136.1,133.7,134.3,3897800,134.3,99.7,100.8,98.25,99.4,2581000,99.4,342.1,343,338.6,339.7,1219600,339.7,88.85,89.75,86.3,88.3,5438600,88.3,224.9,224.9,217.5,219.5,4848900,219.5,35.45,35.62,34.7,35.18,3167300,35.18,90.4,91.55,88.6,89.75,7099700,89.75,170,170.9,168.5,170.1,1204700,170.1,47.84,48.09,46.66,47.15,8312300,47.15
"2010-06-09",135.2,137,134,136.7,2505400,136.7,99.95,102.4,98.8,102.3,1558000,102.3,340.1,342.2,339.4,341.4,819800,341.4,89.35,89.85,87.2,89.25,5225300,89.25,222.7,224.3,220.3,224.2,4357200,224.2,35.34,35.84,34.84,35.79,2844500,35.79,90.6,93.4,89.75,93.4,5517400,93.4,170.7,175,170.5,175,1655500,175,47.24,48.24,47.13,48.18,6558400,48.18
"2010-06-10",136,138.5,135.2,137.9,3601900,137.9,101.8,106.2,101.2,105.5,2871100,105.5,340.8,346.3,340.7,346.3,893500,346.3,89.25,92.9,88.3,92.15,5611600,92.15,224,224.9,221.3,224.7,4642000,224.7,35.8,36.33,35.11,36.11,3749700,36.11,93,96.7,92.7,95.8,6570900,95.8,174.1,175.6,173.3,175.5,1196600,175.5,48.16,49.42,47.88,49.39,9916300,49.39
"2010-06-11",138.9,140.4,138,139.4,2849900,139.4,106.6,106.6,104.5,105.5,1759100,105.5,346.3,353.2,346.2,353.1,2104500,353.1,93.05,93.4,90.9,92.9,5063100,92.9,226.3,226.3,220.6,221.1,3354900,221.1,36.16,37.05,35.86,36.77,2571400,36.77,96.85,99.25,95.05,97.2,9059000,97.2,176,176,172.4,173.6,1107100,173.6,49.44,49.57,48.79,49.44,8928100,49.44
"2010-06-14",140.8,143.1,140.5,142.6,3092600,142.6,106.5,108.9,106.1,108.7,1936200,108.7,353.3,355.2,351.1,352.9,1082900,352.9,93.65,95.45,93.65,95.25,2851300,95.25,222.5,224.4,222.1,223,2745900,223,37.54,37.95,37.45,37.85,2389400,37.85,98,102,98,100.4,7416300,100.4,173.9,174.7,173.2,174,1039800,174,49.6,49.95,49.23,49.95,6679100,49.95
"2010-06-15",143.2,145.2,142.6,144.1,4061700,144.1,108,109.6,107.6,109.3,1925900,109.3,353.6,356.8,353.3,353.4,1219400,353.4,94.5,97,94.05,96.4,3559100,96.4,222.3,225.9,222,224.9,3554000,224.9,37.69,38.17,37.21,38.03,2527000,38.03,99.95,102,99,101.7,6305700,101.7,172.9,175,172.7,174.7,965200,174.7,49.71,50.75,49.49,50.7,7518600,50.7
"2010-06-16",145.2,145.2,142.6,143.8,2635300,143.8,109.7,109.8,107.5,108.9,1404000,108.9,353.6,355.9,350.3,355.5,1245300,355.5,97.55,98,95.55,97.1,3997800,97.1,226.1,227,223.7,226,3914100,226,38.16,38.5,37.65,37.8,2494300,37.8,102.8,102.9,100.5,102.9,5286100,102.9,176,176,173.2,174.6,983300,174.6,50.8,50.95,50,50.85,7432600,50.85
"2010-06-17",143.1,145.6,143.1,144.9,3285200,144.9,108.3,109.9,107.8,108.8,1516800,108.8,352.2,355.3,351.6,353.8,787600,353.8,96.65,98.2,96.25,97.3,4005100,97.3,225.7,226.4,224,225,3267400,225,37.7,38.5,37.57,38.03,1890100,38.03,102.2,103.4,100.4,100.9,5280900,100.9,173.7,174.9,171.7,173.3,1109200,173.3,50.5,51.2,50.5,51.05,6315300,51.05
"2010-06-18",145.3,145.5,144,144.8,2203400,144.8,108.4,108.9,107.5,108,1913300,108,353.4,353.5,347.9,351.9,1536300,351.9,97.5,97.75,95.65,96.45,3006400,96.45,225.9,225.9,224.7,225.1,3129000,225.1,38.39,38.4,37.67,37.82,1529600,37.82,101.2,103.1,101.2,102.3,4370400,102.3,173,175.3,173,173.6,991200,173.6,51.2,51.2,50.55,51.1,6893500,51.1
"2010-06-21",146.5,148.6,146.2,148.1,2822500,148.1,109.2,109.9,107.9,108.4,1447600,108.4,350.5,353.8,345.1,345.9,1115000,345.9,98.75,100.3,98.75,99.95,4426100,99.95,228.6,229.2,224.9,225.4,2343200,225.4,38.37,38.73,38.2,38.7,2099800,38.7,104.2,105.5,104,105,3358500,105,175.2,176.6,171.8,172.5,1069000,172.5,51.4,51.75,51.2,51.75,7678700,51.75
"2010-06-22",147.2,147.8,146.2,146.8,2091900,146.8,107.6,109.7,107,107.7,1432400,107.7,344.7,351.5,344.3,351,1051400,351,98.7,100,97.8,99,3806200,99,224.8,230.2,223.4,230.2,4098000,230.2,38.5,38.51,37.06,37.67,2388500,37.67,104,105.4,101.7,103.3,3917100,103.3,171,173.9,171,172.5,672800,172.5,51.75,51.9,50.75,51.3,11815200,51.3
"2010-06-23",145.5,147,143.9,144.2,2641100,144.2,107.2,108.6,106.3,106.3,1738000,106.3,348,349.9,346.1,348.6,941800,348.6,97.95,100.1,96.65,97.3,4625300,97.3,229,230.7,226.9,227.3,4367900,227.3,37.1,37.66,36.51,36.86,1802600,36.86,102.6,105.2,102.4,103.1,4033900,103.1,172.3,174,170.7,170.7,706500,170.7,50.95,51.35,50.5,50.75,8303100,50.75
"2010-06-24",143.9,144.1,141.4,141.7,2232700,141.7,107.6,107.6,102.2,102.2,2102900,102.2,348.8,350.4,345,349.3,895500,349.3,98,98.5,93.75,94.55,5328100,94.55,227,229.8,220,220.4,5420100,220.4,36.92,37.19,35.38,35.64,2516300,35.64,103.5,104.2,99.95,100.2,4607300,100.2,170.5,170.7,167.7,169,930700,169,50.95,51.05,50.2,50.4,9059500,50.4
